FirstName,LastName,Phone1,Phone2,Email1,Email2,Zip
Vera,Sandoval,1-855-404-7690,1-414-697-5481,Aliquam.fringilla@morbi.co.uk,non@pellentesque.co.uk,E9 8SL
Palmer,Short,1-159-953-8607,1-641-237-1890,felis.purus@Donec.ca,non.luctus.sit@bibendumsed.com,59691
Reese,Franklin,1-881-786-2929,1-962-484-8661,enim.consequat.purus@elitpharetra.net,leo.in@lobortismaurisSuspendisse.org,E7J 1Z2
Akeem,Moody,1-534-110-6308,1-705-161-5019,ipsum@lobortismaurisSuspendisse.edu,interdum.ligula@Ut.ca,31393
Tanya,Waller,1-572-877-9139,1-797-888-9017,mi.lorem@euismodest.net,rutrum.magna@atfringillapurus.co.uk,69038
Nola,Conner,1-761-779-2229,1-279-858-5855,cursus.Integer.mollis@malesuada.net,tincidunt@ut.net,L9I 0VX
Kellie,Santiago,1-968-788-7760,1-594-817-4530,arcu@rutrumeu.ca,magnis.dis.parturient@risusDuis.edu,66412
Shad,Clayton,1-357-825-3633,1-911-166-0996,congue@imperdiet.org,sodales.nisi.magna@eleifendnec.com,71709
Oren,Lopez,1-182-891-7645,1-838-884-0105,ornare@odioAliquamvulputate.org,commodo.tincidunt@Maecenasmalesuadafringilla.ca,91585
Jana,Orr,1-487-692-6407,1-946-782-1367,Integer.aliquam@lectusCum.co.uk,consequat.nec.mollis@quisdiamluctus.net,67571
Christian,Klein,1-720-416-6993,1-569-694-1846,consectetuer.rhoncus@acmi.co.uk,Morbi@temporbibendumDonec.ca,14013
Jenette,Pope,1-882-686-0505,1-823-182-0019,purus.Duis.elementum@utquam.org,amet.ornare.lectus@adipiscingMauris.net,XI8 9KA
Walter,Caldwell,1-544-947-5748,1-804-646-3487,velit@Vivamussit.net,fames@quis.edu,13047
Violet,Compton,1-935-108-1201,1-576-245-5514,mus.Aenean@consectetueradipiscing.net,urna.Ut.tincidunt@rutrum.co.uk,64209
Sophia,Norton,1-232-762-5327,1-821-451-8985,Donec.at@aliquet.org,semper.erat.in@tortorNunc.net,4576
Bert,Cannon,1-980-293-7026,1-971-607-0864,eu.tellus@auctornon.ca,libero.Morbi.accumsan@elit.co.uk,9781MX
Tanek,Kemp,1-759-205-5554,1-804-352-6105,commodo.at@nisimagna.net,sapien.cursus@sit.org,1620
Candace,Raymond,1-661-575-7284,1-589-974-4480,ac.ipsum@Donecegestas.com,varius.et@nullaDonec.edu,67142
Lillian,Vance,1-165-318-4679,1-371-544-1945,sociosqu.ad@metusIn.co.uk,accumsan@Infaucibus.ca,2127
Madeline,Patton,1-951-514-8039,1-172-605-8921,Vivamus.nisi@enim.org,aliquet.sem@cursusa.net,3554
Yoshio,Holcomb,1-533-515-0219,1-230-772-7168,lacinia.Sed.congue@Fuscemollis.net,ipsum.dolor.sit@eleifendnunc.net,I9R 0EH
Vielka,Bauer,1-152-850-2980,1-992-329-8682,Integer@malesuadamalesuadaInteger.edu,at.pretium@tempus.ca,87063
Vance,Stokes,1-605-229-7563,1-934-681-3688,nisl.Maecenas@eleifendnon.com,orci@purusinmolestie.ca,39322
Sheila,Roy,1-101-789-1237,1-543-498-1045,posuere@ornareliberoat.ca,pede.nec.ante@purussapiengravida.ca,60714
Bo,Lott,1-497-442-6619,1-396-191-6063,fames.ac.turpis@ac.net,lobortis@felispurusac.net,55147
Riley,Marquez,1-414-513-1100,1-794-665-8898,turpis.nec.mauris@CurabiturmassaVestibulum.edu,semper.cursus@vulputateeu.co.uk,6019
Darius,Gould,1-120-966-6255,1-233-722-8634,fermentum.fermentum.arcu@temporbibendum.com,dolor@luctusipsum.net,8274
Stuart,Watkins,1-941-379-5072,1-411-675-8803,eu@ut.net,nibh.sit.amet@odiotristique.org,45620
Knox,Bright,1-281-994-7882,1-227-503-0692,mollis@risusMorbi.net,Nulla@necmalesuadaut.ca,Xxxx
Ezekiel,Huffman,1-224-692-4247,1-197-404-3276,malesuada.fames.ac@nuncac.edu,non@ametmassaQuisque.org,P8P 9J2
Wayne,Ferrell,1-132-574-1332,1-723-930-2727,odio.Etiam@quisdiamPellentesque.ca,imperdiet.non@Donectempuslorem.co.uk,10406
Bernard,Lucas,1-108-136-3000,1-817-306-9086,eget@eratvolutpatNulla.org,elit@sollicitudincommodoipsum.co.uk,G8K 3X4
Colton,Williamson,1-240-840-7041,1-975-253-1461,risus.Duis@Donec.ca,sapien.gravida@nequeNullam.com,0085HK
Teegan,Harvey,1-855-336-9929,1-432-869-3709,faucibus.orci@facilisis.com,dictum.cursus.Nunc@placerataugue.edu,86145
Jonah,Compton,1-647-843-1357,1-667-722-1145,commodo@iaculisenimsit.net,eget.massa@Phasellus.co.uk,6774NZ
Martina,Nash,1-202-291-5679,1-898-282-2507,sapien.imperdiet@DonecnibhQuisque.edu,risus.Donec@ullamcorperDuis.edu,C6N 7L4
Laura,Hartman,1-372-597-5718,1-628-374-8966,cursus@molestiepharetranibh.net,Integer@vel.ca,67795
Yasir,Newton,1-185-647-7105,1-406-972-8192,ipsum.sodales@Sed.edu,per.inceptos.hymenaeos@Mauris.com,3059
Sade,Preston,1-930-190-8299,1-213-639-7118,non.bibendum@Nuncac.ca,risus.odio.auctor@in.net,F4 9ZN
Belle,Santos,1-153-901-9197,1-978-850-8237,lacus.varius.et@dapibusgravidaAliquam.edu,ut@ipsum.co.uk,J6K 1YT
Ulric,Simon,1-677-706-8757,1-699-543-2067,euismod.est@nunc.org,arcu.Vivamus@condimentum.edu,3202RM
Maris,Suarez,1-536-207-0331,1-661-759-6370,auctor.ullamcorper.nisl@Nulla.ca,enim@cursus.edu,Xxxx
Candice,Hinton,1-724-437-7443,1-619-572-2815,magnis.dis.parturient@non.net,nibh@augueSedmolestie.co.uk,89441
Hamish,Wood,1-862-777-6177,1-994-823-1149,risus.Nunc@enimEtiam.net,ac.urna@tellus.org,5282
Veronica,Velazquez,1-978-916-1572,1-177-923-7730,dui.in@cursus.co.uk,Donec.egestas.Aliquam@felisadipiscing.edu,94814
Len,Wells,1-483-256-1844,1-731-890-8596,tellus.sem.mollis@sedsapien.net,erat@anteiaculisnec.org,36912
Virginia,Richard,1-373-343-1396,1-389-408-3257,adipiscing@Aliquamerat.com,a@Maecenasiaculis.net,38756
Patience,Baird,1-753-910-0148,1-457-894-0595,vulputate.lacus@enimgravida.com,torquent@dolorsitamet.edu,32137
Chandler,Tucker,1-773-628-9517,1-516-279-9425,mollis@Proin.org,vel.lectus@leoelementumsem.co.uk,58944-029
Cathleen,Tucker,1-288-130-6617,1-252-833-6123,Suspendisse@Aliquam.com,feugiat.metus@etrutrum.com,31293
Barbara,Golden,1-774-906-6268,1-882-316-9376,Duis.at.lacus@ornare.org,sem@penatibuset.com,2117
Regina,Grant,1-561-394-3546,1-315-314-6360,laoreet.ipsum.Curabitur@nonnisiAenean.co.uk,suscipit.nonummy.Fusce@Aenean.edu,71543
Morgan,Williams,1-784-420-4091,1-280-497-4380,Aenean.euismod.mauris@vestibulummassa.co.uk,magna.et.ipsum@idmollis.com,96639
Kasimir,Howard,1-970-978-5197,1-688-401-2750,sagittis.Duis@arcuVestibulumut.edu,pellentesque.eget@rhoncusNullam.net,22873-849
Ocean,Goff,1-375-651-6123,1-747-990-7832,nec.mauris.blandit@atfringilla.com,Nunc.ullamcorper.velit@nullaIntincidunt.org,2657
Phoebe,Cruz,1-805-643-5333,1-275-129-9576,natoque@Phasellus.ca,quam@auctor.net,65383
Sylvester,Tyson,1-688-164-4148,1-778-867-2551,sem@eratsemper.org,nulla.Integer.urna@sapien.com,81760
Macey,Frederick,1-788-398-1395,1-327-659-4683,Duis.mi@duilectusrutrum.com,egestas.rhoncus.Proin@adipiscingfringillaporttitor.co.uk,06810-763
Aretha,Jenkins,1-963-422-7764,1-383-562-3790,et.libero.Proin@necquamCurabitur.edu,interdum.Sed.auctor@Namtempordiam.ca,56439
Thaddeus,Barnes,1-328-236-1032,1-870-923-0305,ut.pharetra.sed@Suspendissenonleo.ca,rutrum.lorem@NulladignissimMaecenas.com,87264
Graiden,Mullen,1-776-272-9698,1-232-175-0308,et@malesuada.net,in.molestie.tortor@Inornare.co.uk,25290
Drake,Finch,1-114-946-6310,1-891-249-5789,nunc.In@vulputate.edu,sed.hendrerit.a@sit.com,45194
Quamar,Perez,1-473-291-2602,1-535-363-0474,Duis.sit@vellectusCum.net,volutpat.Nulla@Nuncacsem.ca,4257
Yoshio,Stout,1-745-208-0754,1-623-366-5418,nunc@nislarcuiaculis.co.uk,interdum@anteMaecenas.ca,9807
Tatum,Rosales,1-433-676-2426,1-609-592-4189,orci@duinec.org,Duis@adui.ca,P3H 0P9
Odette,Nieves,1-925-277-0774,1-159-414-4679,est.Nunc@ipsumPhasellusvitae.net,molestie@Aliquamadipiscing.edu,Xxxx
Brenna,Fields,1-630-337-0886,1-827-374-9693,ante.dictum@sit.org,Nunc.ut@urnanec.com,5688
Farrah,Flynn,1-892-264-3598,1-643-814-3972,sociosqu.ad@ac.org,Nullam.enim@magna.co.uk,6559JT
Galena,Petersen,1-710-330-1777,1-915-543-2885,blandit.congue@velitCraslorem.com,augue@malesuadafames.ca,A4H 7C9
Patrick,Francis,1-627-946-7025,1-757-163-1179,mollis.Integer.tincidunt@nullaIntegervulputate.org,tempus@ametlorem.org,50807
Troy,Pena,1-209-997-0864,1-221-370-0367,arcu.Sed@tincidunt.org,Fusce@arcuVivamus.org,65878
Kuame,Leblanc,1-458-901-4527,1-851-975-8973,eget.odio@dui.net,quam.a.felis@necante.co.uk,Xxxx
Zorita,Hoover,1-894-930-1176,1-374-853-5907,sit@Fuscefeugiat.co.uk,magnis@sapienNuncpulvinar.ca,04732
Chadwick,Chase,1-857-754-9099,1-995-702-9986,ipsum.primis.in@amet.net,Cras.dolor.dolor@leo.net,58449-448
Ivana,Barrera,1-642-531-0183,1-151-761-5988,bibendum.sed.est@inconsequatenim.co.uk,in.consectetuer.ipsum@Nullamenim.org,4221
Sopoline,Gonzales,1-772-576-2159,1-195-435-2014,netus.et.malesuada@Craseutellus.co.uk,neque@ac.ca,31119
Deacon,Walker,1-562-193-2310,1-369-621-0752,eget@erosNamconsequat.net,porttitor.eros.nec@vulputatenisisem.ca,HG83 0LO
Cailin,Reilly,1-524-551-3177,1-471-597-9356,ut.quam@urnaconvalliserat.edu,nec@egestasAliquam.net,8869
Charlotte,Richardson,1-791-505-4857,1-421-617-7433,facilisi.Sed@acorciUt.com,nibh.vulputate@estNunclaoreet.net,59791
Theodore,Mcmillan,1-463-807-2249,1-584-531-1480,urna@enimconsequat.edu,Proin.mi@enimSednulla.co.uk,9303UI
Kendall,Woodard,1-839-983-1870,1-829-524-4091,interdum@dolordapibus.edu,Mauris.molestie@lobortisnisinibh.net,21806
Phyllis,Ford,1-625-165-0857,1-248-677-2568,sagittis.lobortis.mauris@turpis.net,tellus.justo.sit@orciUtsagittis.org,Xxxx
Arthur,Mccormick,1-612-111-5930,1-897-523-1006,vitae.diam@aaliquet.org,magna@Nuncmauriselit.net,4602FI
Kelsie,Harvey,1-450-734-8655,1-472-740-3300,velit.justo.nec@at.ca,turpis@Etiamgravidamolestie.co.uk,9026
Kelsey,Hancock,1-184-153-2794,1-289-108-5344,tellus@Aeneangravidanunc.edu,diam.Sed.diam@suscipit.co.uk,42222
Eaton,Fitzgerald,1-186-626-5295,1-238-725-3969,dictum@Vivamuseuismodurna.ca,Mauris@Maecenasornareegestas.co.uk,Y4P 2K1
Genevieve,Paul,1-109-649-3424,1-351-419-8912,elit.pharetra.ut@fermentum.org,Proin.ultrices.Duis@tristiquesenectuset.com,15440
Linus,Sellers,1-266-279-8725,1-213-925-3387,sit@at.net,et.rutrum@vitae.edu,30463
Graiden,Herring,1-495-471-9890,1-887-402-9047,ac.mi@velitQuisque.edu,purus.Nullam.scelerisque@interdumenimnon.com,16896
Farrah,Norton,1-212-629-4806,1-158-647-4242,nisi@idnuncinterdum.edu,non.massa@adipiscing.co.uk,1129
Lara,Chapman,1-121-518-9832,1-454-451-5185,cubilia.Curae@enim.net,Sed@molestie.net,21811
Dante,Campos,1-666-718-5722,1-120-431-6039,odio@Nuncpulvinararcu.edu,ante.Maecenas.mi@ami.com,21709
Shafira,Orr,1-120-281-5813,1-723-419-1365,diam@purusMaecenas.edu,feugiat@nibhAliquam.net,3594
Cathleen,Rodriguez,1-654-898-9892,1-443-415-4450,tellus.Nunc.lectus@tristique.com,eu.dui@imperdiet.net,Xxxx
Laurel,Graves,1-532-331-2557,1-998-542-0403,et.malesuada.fames@sitametdiam.net,Sed.eget.lacus@Sedet.net,07807
Paloma,Mathews,1-206-609-3165,1-857-455-2073,Fusce.mollis.Duis@euismodet.com,mauris.erat@aaliquet.org,7475VG
Blaze,Berry,1-384-100-9357,1-772-607-1936,accumsan@Integeraliquamadipiscing.org,malesuada.malesuada@odioEtiam.net,5815
Wayne,Blankenship,1-947-710-3275,1-201-409-4559,Nunc.mauris.Morbi@Nunclectus.com,nulla@diamProin.edu,03214
Mechelle,Dean,1-507-906-2705,1-910-625-4888,eleifend.nec.malesuada@acorci.com,sollicitudin.commodo.ipsum@esttempor.ca,7438CP
Giselle,Johnson,1-523-249-8698,1-134-721-1183,placerat.velit@elementumsem.net,pharetra.ut.pharetra@seddictumeleifend.com,X6Z 6N7
Sawyer,Foster,1-926-510-4571,1-345-993-6807,eu.ultrices@egetmollislectus.org,augue@loremeu.edu,9265EP
Stone,Russell,1-495-842-7849,1-229-802-1366,nisi@nuncestmollis.net,Etiam.bibendum@utmiDuis.ca,VH00 6QQ
Rajah,Cohen,1-489-859-7071,1-603-562-2612,posuere.vulputate.lacus@enim.co.uk,risus@natoquepenatibus.ca,48651
Calista,Dean,1-548-667-5694,1-760-428-5754,adipiscing.ligula.Aenean@mi.net,dictum@mipede.ca,5262
Rhonda,Glass,1-220-834-0198,1-745-153-8572,ac.eleifend.vitae@adipiscingnonluctus.org,arcu.vel@pretium.ca,30183
Allegra,Holt,1-222-516-9539,1-183-867-3869,pretium@Sedneque.co.uk,diam.lorem@vulputateveliteu.org,43434
Fay,Olsen,1-304-681-5970,1-254-632-9526,ligula.Donec.luctus@elitCurabitur.com,orci.in.consequat@aliquetProin.net,I4Q 2AX
Ursa,Webb,1-749-833-4716,1-483-742-6075,cursus.purus.Nullam@Aliquamvulputateullamcorper.com,Quisque.varius@ultrices.com,C6N 8V1
Eugenia,Norton,1-601-872-5203,1-317-850-3835,sed.turpis@rhoncusDonec.com,cursus@enimsitamet.co.uk,19051
Callie,Dyer,1-162-446-9015,1-736-339-2981,sodales.purus.in@metusvitaevelit.ca,nunc.interdum.feugiat@ornare.co.uk,30118
Thane,Stark,1-521-441-2587,1-453-135-9209,ut.aliquam.iaculis@in.com,egestas.a@dolorelitpellentesque.co.uk,PR2 5YH
Kato,Riddle,1-286-447-0867,1-784-143-6618,pellentesque@adipiscingelit.edu,vitae.erat.Vivamus@cursus.co.uk,71238
Garrett,Curry,1-977-785-1860,1-687-138-2071,elementum.dui@arcuMorbisit.com,Cras.dictum.ultricies@necmetus.co.uk,44183
Hedley,Tillman,1-253-636-7212,1-109-864-3140,ac.urna@NullamenimSed.org,ridiculus@nascetur.edu,2410
Blake,Meyer,1-420-480-1353,1-188-105-6575,Donec.tincidunt.Donec@sitametante.co.uk,Sed.nulla.ante@ipsum.ca,43121
Coby,Gillespie,1-789-536-1081,1-933-901-3992,malesuada.fames.ac@turpis.com,sit.amet@dignissimmagna.com,8835
Adara,Howard,1-414-744-7587,1-504-422-6722,rutrum.urna@fermentum.ca,tempus@Etiambibendumfermentum.ca,8872
Dominique,Luna,1-812-416-7394,1-227-679-3200,Nunc@nonante.net,bibendum.Donec@blanditcongue.net,Xxxx
Lila,Sargent,1-399-173-9152,1-809-842-8445,nibh@sapien.ca,ligula.Aenean.gravida@Nullam.co.uk,Xxxx
Chaney,Todd,1-116-418-9360,1-454-639-0901,fermentum@Duisrisusodio.co.uk,mauris.ipsum.porta@sedsapienNunc.edu,49789
Sebastian,Reeves,1-909-679-6775,1-773-897-3308,fermentum@tempus.org,pede@vel.net,Xxxx
Cameran,Saunders,1-975-843-6903,1-393-936-0179,leo.Vivamus@congueelit.co.uk,dolor.dapibus@etmagnisdis.edu,52311-454
Indira,Smith,1-475-492-3417,1-204-171-1270,molestie.pharetra@Donec.org,euismod.mauris@mattisornarelectus.ca,15518
Dora,Dale,1-255-900-1997,1-822-205-6234,vel@malesuada.com,Donec.est.mauris@nequepellentesque.org,7749VO
Karly,Lambert,1-889-111-6407,1-972-661-8410,Vivamus.sit@eu.net,vitae.dolor.Donec@placerataugue.ca,5106
Ethan,Randall,1-135-907-5693,1-104-517-6047,a.tortor.Nunc@sedsem.net,auctor.vitae.aliquet@penatibusetmagnis.com,38349
Silas,Weiss,1-256-204-8686,1-476-329-8859,ante@iaculisenimsit.ca,tortor.Nunc.commodo@eu.ca,78842
May,Blanchard,1-690-475-4072,1-430-136-6347,Cum.sociis.natoque@Sedetlibero.edu,quam.Pellentesque.habitant@ipsumdolor.ca,SR33 0TB
Xantha,Blair,1-991-676-6211,1-771-985-2819,Duis@elitelit.com,feugiat.tellus.lorem@auguescelerisquemollis.net,Xxxx
Yael,Poole,1-265-827-9356,1-545-174-1650,lacus.Aliquam@Aliquam.com,tincidunt@Crasloremlorem.org,15580
Alana,Hodges,1-178-343-3876,1-298-681-9659,orci.consectetuer.euismod@senectus.co.uk,placerat.velit.Quisque@venenatisamagna.org,1690FX
Brandon,Chandler,1-560-432-1195,1-869-951-9772,ad@utodio.co.uk,Sed.auctor@diam.ca,M5H 7N8
Len,Conway,1-857-955-7870,1-229-660-8235,magnis.dis@adipiscingelitAliquam.com,orci.consectetuer.euismod@duiinsodales.com,3422AY
Florence,Shelton,1-264-731-6503,1-486-345-0092,odio.Phasellus@ante.ca,arcu.imperdiet@egetnisi.org,80429
Carly,Leach,1-475-468-7814,1-474-138-5083,mollis.non@natoquepenatibus.co.uk,Phasellus.at@eu.org,3061
Serena,King,1-339-189-3644,1-580-627-5797,dolor@eratvel.com,mi.eleifend.egestas@semutdolor.ca,9724
Aline,Whitehead,1-178-871-2530,1-439-182-9257,molestie.in@auctor.org,neque@etmagnis.com,QC96 3MK
Tatyana,Oneill,1-630-857-4831,1-886-633-8314,ornare.tortor@congue.co.uk,mauris.aliquam.eu@Aliquamvulputate.co.uk,Xxxx
Quyn,Frederick,1-258-807-2250,1-803-297-3432,magna.a@lacus.edu,vel.arcu@sed.edu,95829
Cody,Lawrence,1-426-641-9460,1-838-295-1756,Proin.vel@nisl.com,tempor.arcu.Vestibulum@loremfringilla.net,7748
Portia,Whitehead,1-688-960-9216,1-771-108-3749,eu.ligula@Donec.com,Morbi.vehicula.Pellentesque@tempusmauriserat.edu,65902
Germaine,Ayers,1-651-289-4574,1-303-839-3661,rhoncus.Proin@sedlibero.co.uk,enim@NulladignissimMaecenas.net,4012
April,Molina,1-871-184-8232,1-803-430-9213,mus@mollis.ca,quis.turpis@mifringillami.com,5689
Kenneth,Carney,1-480-423-7229,1-460-981-4432,nisl@famesac.ca,ac@dolorQuisque.edu,71304
Neil,Wall,1-558-702-9255,1-840-984-9903,magnis.dis.parturient@pede.ca,ut.molestie@iaculisodioNam.co.uk,67356
Ina,Stafford,1-509-465-5564,1-429-955-8933,magna.Cras.convallis@amet.ca,nec.leo.Morbi@tristique.org,Xxxx
Callum,Juarez,1-951-617-2615,1-611-290-5375,dignissim.Maecenas@nisi.org,purus@metusVivamuseuismod.com,38339
Sydnee,Pitts,1-742-158-4992,1-324-619-5107,sodales.at.velit@ornaretortor.net,Donec.egestas@montes.edu,6111
Uriel,Mcfadden,1-188-412-9315,1-422-257-0313,dui.lectus@utquam.ca,fringilla@sociosquadlitora.com,63367-511
Rhonda,Jacobson,1-342-474-7192,1-443-815-1393,Proin.non@pedesagittisaugue.com,neque.Nullam@justoProin.com,9957
Andrew,Boone,1-849-296-9783,1-230-429-9422,adipiscing@blanditmattisCras.org,neque.In@velitPellentesqueultricies.ca,Xxxx
Cleo,Wong,1-149-636-5788,1-711-706-8360,eget@magnanec.net,id.erat@auctor.com,Y8R 7R4
Karleigh,Rodriguez,1-628-301-9122,1-799-292-6140,Aenean.sed.pede@mi.org,libero.Proin.sed@consequat.edu,51321
Donna,Henderson,1-150-290-0628,1-203-324-1169,lobortis@Aliquameratvolutpat.ca,rhoncus@elitNullafacilisi.co.uk,62266
Keely,Stewart,1-170-762-7563,1-632-835-1785,sodales@ligula.net,parturient@sitamet.com,27759
Lunea,Todd,1-576-339-4332,1-696-519-4011,nunc.nulla@lacusEtiam.co.uk,aliquet@risusquis.edu,B1P 4L8
Audra,Hines,1-565-416-5223,1-783-928-2230,amet@tincidunt.ca,vehicula.et.rutrum@necluctusfelis.ca,65294
James,Dale,1-742-253-7287,1-731-761-0979,commodo.hendrerit@velit.com,nunc.ac.mattis@at.org,CU71 7ND
Celeste,Bowers,1-483-375-4104,1-165-564-0494,sociis.natoque@porttitorinterdum.org,ante.dictum.cursus@InloremDonec.org,Xxxx
Damian,Dean,1-440-992-9326,1-972-487-3239,netus.et.malesuada@dictumultricies.edu,nisi.Mauris@Nulladignissim.ca,6708
Melanie,Hancock,1-123-857-6308,1-707-642-6869,amet@maurisut.com,lectus@Donec.org,02765-752
Shelly,Day,1-834-511-4330,1-462-193-3659,tincidunt.orci.quis@bibendum.com,non.dui.nec@Etiamvestibulummassa.edu,50354
Nell,Curry,1-169-693-8655,1-765-509-8646,egestas.urna@sitamet.co.uk,mi.pede@consequatlectus.co.uk,59814
Harriet,Compton,1-428-883-2222,1-747-635-5920,interdum.Curabitur@lectusNullam.net,orci.in@scelerisquenequesed.net,8192
Hayden,Cervantes,1-568-944-2992,1-206-452-1969,est.ac.mattis@pede.ca,gravida.sagittis.Duis@malesuadaut.ca,8061
Kim,Vance,1-345-330-3362,1-514-171-2279,nunc@metussit.ca,massa.Integer@eu.net,L8L 8M7
Grant,Mcknight,1-243-365-0575,1-281-504-9768,malesuada.fringilla.est@ornareegestasligula.com,orci.luctus@senectusetnetus.ca,7572
Leigh,Ford,1-114-938-9786,1-465-768-9917,turpis@sapien.net,In.lorem.Donec@etpede.org,6198
Anne,Tate,1-695-960-7297,1-204-275-4533,Nulla.tincidunt.neque@ultricesposuerecubilia.org,semper@turpisAliquam.co.uk,26362
Montana,Workman,1-207-950-8927,1-306-282-0499,dolor.nonummy.ac@inmolestietortor.edu,Quisque.imperdiet@Nuncullamcorpervelit.org,84481
Margaret,Rivas,1-372-369-2443,1-921-669-5243,eu.erat@gravidasitamet.co.uk,a.arcu@egestashendreritneque.ca,7329YY
Stone,Hurley,1-237-637-1210,1-966-540-1598,Vivamus.euismod.urna@dolortempusnon.net,mattis@utnisi.org,47133
Raymond,Scott,1-770-378-1168,1-883-488-4153,nulla@noncursusnon.edu,tempus.eu.ligula@auguescelerisque.co.uk,N1H 6X0
Jared,Park,1-586-337-8786,1-797-412-4162,Integer.sem.elit@eleifendnon.edu,neque.Sed@dolor.net,36994
Yen,Patrick,1-819-335-6359,1-966-274-7463,enim.Suspendisse.aliquet@tristique.org,elementum.lorem.ut@Maecenasornare.net,72169
Ray,Pennington,1-625-188-8916,1-515-953-1732,bibendum@NullaaliquetProin.org,Proin@ametloremsemper.com,73248
Giacomo,Wade,1-882-955-1821,1-353-855-0246,vitae.sodales@scelerisqueloremipsum.edu,velit.Aliquam@ametlorem.edu,34160
Kadeem,Hebert,1-604-841-2806,1-943-564-9636,habitant.morbi@Duisdignissimtempor.com,arcu.Vestibulum@vehiculaaliquetlibero.com,3787
Shafira,Baldwin,1-597-531-9958,1-684-173-6963,odio.Aliquam.vulputate@vestibulummassa.edu,nec.metus.facilisis@idliberoDonec.ca,MX11 8UN
Madison,Vaughn,1-160-949-6098,1-664-439-2736,Nam.interdum.enim@lorem.com,magna@nec.com,KW76 5AI
Judith,Branch,1-532-702-4323,1-312-617-0900,elit.Etiam@sapienimperdiet.org,malesuada@Maurisvestibulum.org,03435
Palmer,Wyatt,1-740-650-0353,1-861-305-9927,ante.Maecenas@velitAliquamnisl.co.uk,sem.Nulla@commodo.co.uk,58353
Dominique,Le,1-600-507-4398,1-480-924-2285,Sed.pharetra@sed.org,Nunc@nonbibendumsed.com,3552
Glenna,Barnett,1-738-129-9532,1-727-309-7407,porttitor.interdum@acmattisvelit.org,risus@bibendum.co.uk,Xxxx
Berk,Collins,1-914-809-2265,1-196-170-0455,faucibus@telluseuaugue.co.uk,commodo@accumsansedfacilisis.co.uk,Xxxx
Wayne,Boyd,1-471-404-0559,1-256-260-7131,eget@molestie.ca,urna.suscipit.nonummy@maurisut.com,V12 5HP
Orla,Hull,1-486-188-6703,1-292-996-6452,orci@euismodet.com,faucibus.ut.nulla@necligula.com,6784
Hammett,Newman,1-478-407-3637,1-368-317-4819,Integer@CurabiturmassaVestibulum.org,dolor.tempus@Pellentesque.edu,49765
Malik,Wong,1-634-553-7926,1-472-652-6804,Donec.elementum@felisDonectempor.com,vehicula.Pellentesque.tincidunt@euturpisNulla.co.uk,3458
Samuel,Emerson,1-818-281-8344,1-248-737-1664,Fusce.dolor@suscipitest.edu,Ut.tincidunt.vehicula@ridiculusmus.co.uk,21338
Wylie,Romero,1-401-108-0739,1-668-416-3487,quam@ultricesVivamus.org,arcu.imperdiet.ullamcorper@quislectusNullam.co.uk,9600
Karleigh,Bowen,1-789-458-7751,1-248-464-0020,elementum.lorem.ut@ornare.co.uk,Suspendisse@euaccumsansed.org,8891
Katell,Good,1-255-334-2622,1-613-111-3133,pede.ultrices.a@Namporttitorscelerisque.org,non.dui.nec@nec.net,9040
Daquan,Mcconnell,1-439-732-6764,1-984-756-0707,blandit.Nam@ornare.co.uk,fringilla@libero.ca,80720
Madeson,Pena,1-713-784-4235,1-525-956-5415,Sed.molestie@sitametfaucibus.edu,dictum.cursus.Nunc@fermentumvel.net,Xxxx
Marshall,Ward,1-438-880-1353,1-959-604-7679,neque.Sed@ultrices.org,lectus.convallis@amet.edu,86625
Bruno,Dotson,1-226-884-8468,1-902-426-5459,tempus.risus@iaculis.com,libero.Proin.mi@faucibusut.edu,6540
Salvador,Bryant,1-526-559-7916,1-950-127-3625,ultricies.ligula@eget.net,tellus.faucibus.leo@lorem.org,54181
Jade,Leach,1-400-820-5067,1-819-379-1077,Donec@lectus.com,magna.Phasellus@malesuada.co.uk,0613
Heather,Blackwell,1-548-365-3988,1-494-364-1322,quis@Proinnon.co.uk,nec.urna@venenatis.ca,9465
Robin,Mckee,1-433-833-1890,1-670-152-3044,Mauris@velit.ca,enim.Curabitur.massa@enim.net,64472-489
Clio,Vance,1-971-476-8991,1-350-264-8339,aliquam.adipiscing@dapibusgravida.net,eu.odio@mattisCras.ca,38389
Julie,Kirk,1-438-833-7725,1-451-916-4434,erat.eget@lectus.edu,magna@aarcuSed.ca,GO37 0TD
Len,Kim,1-325-324-2886,1-718-978-9632,erat@Suspendissetristique.org,Curabitur@sed.com,T6J 6N0
Genevieve,Park,1-934-721-0520,1-184-455-7714,volutpat@Aeneanmassa.edu,nunc.interdum.feugiat@gravidaAliquam.edu,6291QM
Nicholas,Henderson,1-399-624-7335,1-826-200-8677,ornare@Nullamscelerisqueneque.com,vestibulum.nec.euismod@velsapienimperdiet.net,20120
April,Taylor,1-880-769-9497,1-760-311-4073,neque@ornareliberoat.co.uk,nec.tempus.scelerisque@nunc.ca,34001
Martina,Booth,1-482-899-1169,1-557-975-4827,dolor@luctusipsumleo.co.uk,Curabitur@lorem.co.uk,6153CJ
Xaviera,Marshall,1-323-381-4835,1-874-951-3176,sodales.nisi.magna@dictumaugue.ca,lobortis@tellusPhaselluselit.co.uk,6955
Jocelyn,Olsen,1-953-548-2054,1-931-969-0300,ac@velarcuCurabitur.net,Cras.sed@id.co.uk,9028
Oliver,Day,1-902-928-7761,1-291-180-5254,ad.litora@egestasDuis.org,Vivamus.euismod@ridiculusmusProin.edu,70361
Gail,Martinez,1-388-833-1865,1-392-601-8240,luctus.Curabitur@ultricesmaurisipsum.com,lorem.vitae.odio@ultricesiaculisodio.org,N3 2KP
Nissim,Hopkins,1-323-152-2536,1-160-587-1225,eros@idantedictum.net,nec@lacus.com,45406
Baker,Burnett,1-198-311-7226,1-498-907-0585,a.malesuada@malesuadaInteger.org,mi@sapienCras.edu,5926
Quin,Hopper,1-848-837-8084,1-839-885-3848,Etiam.gravida@antedictum.ca,elementum.sem.vitae@estacfacilisis.co.uk,36826-665
Wang,Monroe,1-471-756-5010,1-360-446-3616,sit.amet.faucibus@parturient.ca,leo.elementum.sem@maurisSuspendisse.edu,7521
Zorita,Wade,1-560-135-3813,1-158-247-9634,eu@dictumPhasellusin.net,pede.blandit.congue@nunc.net,47586-616
Cody,Young,1-877-730-2651,1-828-637-3206,Etiam@portaelit.org,nisl@quamdignissim.net,15842
Cade,Peterson,1-480-928-2337,1-113-655-8382,sociis.natoque.penatibus@leoMorbineque.net,erat.nonummy@congue.co.uk,B8H 4G0
Jemima,Garza,1-408-982-7194,1-192-575-2644,amet.orci@dapibusid.com,ac.mattis.ornare@placerateget.org,15131
Marshall,Phillips,1-611-248-0964,1-888-691-5854,aliquet@lorem.edu,laoreet.posuere.enim@Aliquamgravida.ca,61653
Danielle,Gray,1-975-993-0734,1-706-379-0918,dapibus@consequat.ca,id@ullamcorper.edu,3776
Lance,Mosley,1-757-676-7020,1-926-171-9767,sit@eumetus.com,cursus.diam@facilisisegetipsum.com,7365
Angelica,Guthrie,1-523-450-4214,1-981-104-8215,vitae@sagittisaugueeu.ca,eu.ligula@Sed.com,70308
Gretchen,Yang,1-940-533-6850,1-535-967-9824,purus.gravida@sitamet.edu,risus.Quisque.libero@cursus.com,Y6R 8E7
Fatima,Maldonado,1-321-110-2644,1-995-788-2008,nisl.Maecenas.malesuada@erategetipsum.edu,et.ipsum@rhoncus.co.uk,OD7W 2UR
Yasir,Coleman,1-671-123-3108,1-394-683-6264,et.magnis@augue.com,lorem.eu.metus@non.net,84378
Zachery,Morgan,1-358-803-3196,1-186-768-8121,Lorem.ipsum.dolor@liberoduinec.net,nunc@purussapien.com,19451-412
Dahlia,Rodriguez,1-986-808-8085,1-166-327-6495,iaculis.odio@veliteget.ca,sem.eget.massa@nibhdolornonummy.ca,55815
Kyle,Santiago,1-885-524-0855,1-813-392-8413,ipsum.dolor@tortorNunccommodo.org,cursus.in@Nuncac.edu,89902
Cain,Washington,1-504-630-3277,1-731-644-3426,Sed.nulla.ante@egestaslaciniaSed.org,ridiculus.mus.Aenean@Craspellentesque.net,94739
Brenden,Sharp,1-275-772-1695,1-768-356-4740,Nulla@nequevitae.co.uk,purus.gravida.sagittis@aliquetPhasellus.com,7679
Rowan,Grimes,1-830-513-0888,1-390-334-2166,vulputate.risus.a@risusQuisquelibero.co.uk,ligula.eu@vestibulumnequesed.org,Xxxx
Duncan,Price,1-289-587-4603,1-736-258-7176,metus.Aenean.sed@lectusconvallis.com,et@nonfeugiat.com,35173
Imelda,Holcomb,1-502-310-9175,1-698-561-7057,molestie.arcu@magnaPhasellus.co.uk,ridiculus@nibhenim.co.uk,9331
Hedwig,Farmer,1-408-906-5672,1-639-985-4769,turpis.Aliquam@semperduilectus.com,Pellentesque.habitant.morbi@Utnec.com,00739
Nerea,Dickson,1-510-204-3995,1-871-809-1354,cursus.et.eros@Phasellus.co.uk,scelerisque.lorem@enim.com,69869
Alexandra,Wilkinson,1-547-474-2195,1-411-236-1763,lorem@orci.edu,mauris@nibhDonecest.co.uk,13510
Ciaran,Lawrence,1-167-279-1511,1-376-679-5033,sem.Nulla.interdum@et.com,sit.amet@euneque.ca,50612
Scott,Lindsay,1-943-893-1323,1-605-359-9187,purus.in@tellusjustosit.edu,dui.nec.urna@acturpisegestas.edu,08234
Harper,Woodward,1-799-607-2629,1-237-428-4680,lacinia.at@variusorci.ca,Curae.Donec@felis.edu,Xxxx
Joshua,Ballard,1-901-737-9393,1-135-982-7863,metus.eu@pellentesque.net,ullamcorper@uteratSed.edu,85788-719
Boris,Pittman,1-899-685-9259,1-139-720-7119,sit@aliquamadipiscing.net,metus.vitae@leoCrasvehicula.co.uk,16647
Jocelyn,Mcdaniel,1-948-908-7457,1-844-221-0938,dictum.sapien.Aenean@dolordapibus.com,urna@accumsaninterdumlibero.edu,54998
Autumn,Chavez,1-911-390-4497,1-654-668-6295,a.ultricies.adipiscing@sem.org,venenatis.a@sit.co.uk,9056
Nevada,Franklin,1-292-771-9555,1-480-335-1830,sociis.natoque@imperdietnon.ca,vehicula.risus@imperdiet.net,P4B 7JL
Steel,Shepherd,1-128-768-9653,1-820-769-5620,in.molestie.tortor@magnaDuis.co.uk,metus.Vivamus@vehicula.com,5622
Erin,David,1-895-989-4499,1-820-141-5406,eu@Donecest.edu,quis.tristique.ac@elit.net,94039-037
Elaine,Herrera,1-875-416-0444,1-243-575-1367,eu.dui@enim.edu,tempor@Curabitursed.net,20462
Warren,Wilson,1-775-801-6489,1-981-331-0195,Maecenas.libero@et.org,vitae@est.edu,T7S 2P5
Camille,Horne,1-747-859-8040,1-304-514-8140,vulputate.lacus.Cras@Nunc.net,nunc.ullamcorper.eu@lorem.edu,99571
Victor,Roberts,1-987-754-6777,1-563-854-2270,luctus.ipsum.leo@pulvinararcuet.edu,Nam.ligula.elit@elitAliquamauctor.ca,23078
Desiree,Adams,1-529-619-7055,1-101-145-6339,sem@utpellentesqueeget.com,auctor@a.ca,Xxxx
Leigh,Simon,1-920-991-4415,1-620-283-5844,Donec.vitae.erat@magnaCrasconvallis.edu,nec.enim.Nunc@acorci.net,37599
Leslie,Brown,1-896-641-4284,1-355-822-2817,convallis.convallis@tortor.org,et@semelit.ca,21302
Kiara,Lara,1-837-166-1301,1-655-659-5233,ipsum.sodales.purus@ametconsectetueradipiscing.net,Quisque.porttitor@egestasblanditNam.co.uk,59705
Florence,Norris,1-589-827-3079,1-606-598-1187,Vivamus.molestie.dapibus@interdumenim.co.uk,lacus.Quisque@enim.edu,6324
Moses,Finch,1-269-333-2253,1-133-484-3424,Vivamus.euismod@morbi.org,arcu.Curabitur.ut@quisdiam.edu,37330
Oliver,Savage,1-912-436-9789,1-164-785-6335,sit@vitaepurusgravida.net,Praesent.luctus@at.com,Xxxx
Leandra,Hicks,1-397-995-7963,1-432-806-2677,adipiscing.fringilla@dolordapibus.org,ultricies.ligula.Nullam@utipsumac.edu,1990
Josiah,Olson,1-910-352-1693,1-270-666-5140,ante.ipsum.primis@arcu.com,Quisque@Quisque.ca,0916
Kyra,Potts,1-261-253-3666,1-699-281-7869,a@justofaucibuslectus.com,ridiculus.mus.Proin@fringillaest.co.uk,73732
Preston,Kerr,1-292-162-2906,1-379-718-8741,id.ante@dignissimtemporarcu.com,metus@nequeNullamnisl.edu,5577
Rose,Newman,1-749-546-6244,1-758-334-6573,mollis.lectus.pede@felisorci.co.uk,tincidunt.vehicula.risus@sitametultricies.co.uk,7980
Felix,Erickson,1-680-979-4183,1-250-194-3130,Integer@massa.co.uk,Nullam.velit.dui@ipsumSuspendissesagittis.ca,73915
Kay,Church,1-646-969-0691,1-188-476-0895,ornare.facilisis.eget@enimnislelementum.edu,pede@tristique.org,74750
Shad,Frazier,1-142-422-4416,1-269-659-0195,at@convallis.ca,diam.lorem@Donec.com,1571EI
Briar,Faulkner,1-508-780-3467,1-639-105-6245,Etiam.laoreet.libero@mattisvelitjusto.com,nec.orci@fringillami.com,C6K 5K1
Celeste,Page,1-117-789-1479,1-262-677-3956,eu@eratVivamus.co.uk,et@est.edu,64971
Denton,Garcia,1-907-853-1895,1-794-916-9396,non@auctorullamcorper.net,Aliquam.ornare.libero@consectetueradipiscing.ca,68552
India,Dawson,1-556-724-0745,1-531-113-8136,sit.amet@eleifendnunc.ca,felis@mus.org,71578-034
Hop,Logan,1-458-372-9223,1-786-601-9518,et.euismod@odio.net,diam.dictum.sapien@aliquet.ca,V6A 1X3
Raya,Pittman,1-148-233-3282,1-309-319-6654,libero.dui.nec@magnaa.ca,pellentesque.tellus@tortorat.ca,13346-279
Eaton,Neal,1-346-811-2918,1-683-432-9629,vitae.sodales.at@nisia.co.uk,dignissim.lacus.Aliquam@posuerevulputate.ca,8010
Evan,Browning,1-217-941-3719,1-916-347-1407,ante.ipsum@eleifendnondapibus.net,ipsum.cursus.vestibulum@loremDonecelementum.co.uk,Xxxx
Acton,Wood,1-894-931-0312,1-946-751-8255,sapien@magnaCras.ca,Nam@Quisqueac.co.uk,E0E 5G3
Kasper,Moon,1-121-204-6667,1-963-357-5327,eu@Duiselementumdui.com,adipiscing.elit.Aliquam@lectuspede.ca,R50 2YG
Yoshi,Cohen,1-476-776-2013,1-496-874-0279,erat.nonummy@at.org,diam@orci.ca,61011
Ima,Sanford,1-835-337-0348,1-581-644-0099,libero.mauris@seddictum.net,felis.purus@enimgravidasit.co.uk,AO9 0OX
Akeem,Walton,1-953-898-4470,1-701-360-8532,ac.mattis.semper@Aliquameratvolutpat.edu,Vivamus.nibh.dolor@Nullaeu.co.uk,92187
Jamalia,Blanchard,1-698-506-4633,1-299-243-9325,tellus.lorem@orci.net,nec.mauris@vitaedolor.edu,7498
Venus,Gibbs,1-835-363-4118,1-679-747-6996,enim@non.ca,non.egestas.a@eutempor.edu,70103
Rajah,Robles,1-341-901-9625,1-881-897-6973,eget.dictum@diam.edu,aliquet.molestie.tellus@eu.com,FI7W 3MF
Merrill,Perkins,1-508-350-3706,1-519-342-7901,dui.Fusce@ametultricies.net,consectetuer@felis.ca,4917
Isaiah,Hawkins,1-544-773-0402,1-417-106-7799,orci.in@semperetlacinia.ca,sed.pede@necurnasuscipit.net,YF2 7ZE
Orla,Levy,1-678-212-9391,1-217-617-1569,eros.Proin@velitSed.edu,mauris.rhoncus.id@purus.co.uk,69287
Tasha,Williams,1-505-209-0630,1-451-437-0928,leo.Vivamus.nibh@loremDonecelementum.ca,erat.Sed@lectusa.edu,9019
Adrian,Pollard,1-311-826-2062,1-359-317-8882,commodo@vitaedolorDonec.co.uk,dolor.Donec@Nullam.edu,52287
Cynthia,Byrd,1-909-892-0892,1-763-824-6175,Vestibulum.ante.ipsum@Sed.net,sit.amet@loremsemperauctor.org,01029
Martin,Mcdonald,1-880-407-0992,1-976-248-6290,a@orciDonec.edu,magna.Sed.eu@at.net,4466
Teegan,Lang,1-315-314-8244,1-471-265-7534,Fusce@nec.com,Nullam.feugiat@estmaurisrhoncus.com,71436
Devin,Weiss,1-172-371-5255,1-480-720-4849,interdum.Sed.auctor@eratSednunc.com,non@duinec.co.uk,8226
Joshua,Finley,1-137-112-9240,1-808-756-2275,neque@dictum.ca,tellus.lorem.eu@sitametrisus.com,65711
Yoshi,Hunter,1-946-442-0309,1-831-501-1937,consectetuer@nequeSed.ca,euismod.ac.fermentum@semmolestiesodales.co.uk,55666
Preston,Oneil,1-148-190-7905,1-198-237-6391,Integer.vitae@eratnonummy.net,est@semmollis.com,55016
Ariel,Wilkerson,1-847-476-5480,1-251-799-8086,Nunc@Aliquam.com,ut.molestie.in@Curabiturut.com,14714
Nathaniel,Cooper,1-332-953-2356,1-880-152-7109,ullamcorper@luctus.net,Vivamus.nibh.dolor@nonduinec.ca,TT7 4WS
Inez,Stewart,1-360-149-9660,1-254-601-3948,ac.facilisis@Integerin.org,nisi@tellus.org,1140
Camilla,Burnett,1-722-369-3732,1-219-853-1523,in@sollicitudinorci.ca,et.magna@bibendum.net,5803
Heidi,Harvey,1-596-822-2688,1-394-117-9525,eros.turpis.non@orciUtsemper.com,est.ac@tristique.co.uk,38245
Scott,Pugh,1-352-969-1200,1-522-674-5928,pede.Praesent.eu@est.org,cursus.et.eros@mauris.net,X1G 1E2
Naida,Hicks,1-531-980-2788,1-143-834-6037,hendrerit@egestasrhoncusProin.ca,enim.diam.vel@Morbinonsapien.edu,28171
Winter,Bonner,1-661-934-4160,1-208-429-2630,aliquet.odio.Etiam@quam.edu,augue.ac.ipsum@Crasconvallisconvallis.edu,61412-024
Cassidy,Ball,1-830-103-1011,1-129-309-4961,gravida.nunc.sed@Mauris.org,in.molestie@elementumpurusaccumsan.ca,7901
Aladdin,Brooks,1-311-504-5094,1-704-148-5922,interdum.Nunc.sollicitudin@eleifendegestasSed.co.uk,ac.metus@nunc.net,9349
Sade,Aguirre,1-174-888-9274,1-206-295-0917,non.leo.Vivamus@ametante.co.uk,nibh.sit@estNunc.com,9388
David,Brown,1-563-535-4853,1-133-184-9294,ad.litora.torquent@posuerecubiliaCurae.com,porttitor.tellus.non@Nullam.net,77480
Shana,Sheppard,1-938-222-9511,1-897-155-3609,sem@ac.ca,blandit.Nam.nulla@pellentesquetellus.net,1833
Ryder,Stuart,1-597-477-8205,1-397-301-8793,ac.orci@adlitora.net,sagittis.Duis.gravida@et.co.uk,40452
Germaine,Flores,1-268-921-6927,1-127-623-5983,Integer.urna.Vivamus@noncursus.co.uk,quis.lectus.Nullam@dictummi.co.uk,V6T 8Z4
Sybill,Davidson,1-244-693-4228,1-936-690-5876,ornare.libero@semperetlacinia.co.uk,Nulla.interdum@auctorvitaealiquet.edu,0646HK
Quentin,Schneider,1-355-782-0772,1-773-888-4633,mollis.nec.cursus@habitantmorbi.net,dapibus@dui.com,11800
Ezekiel,Norman,1-465-623-3384,1-724-508-9655,vitae@anteVivamus.edu,malesuada.id@dis.com,4626
Arsenio,Mays,1-653-898-8884,1-435-476-4376,tincidunt.vehicula.risus@elementumat.edu,pretium.neque.Morbi@sagittisplacerat.net,71825
Cullen,Schmidt,1-995-422-0225,1-323-969-7500,ipsum.dolor.sit@cursuset.net,sed.consequat@eu.co.uk,6056
Olga,King,1-425-505-8935,1-636-627-5637,ipsum@posuere.edu,Donec.nibh.Quisque@odiovelest.net,7213
Carla,Barr,1-667-133-2199,1-560-480-5612,posuere@Integervulputate.edu,vitae@sit.com,3984JQ
Jorden,Valentine,1-361-465-2763,1-916-226-1394,enim.nec.tempus@magnaa.org,mauris.Suspendisse@Integertinciduntaliquam.co.uk,03910
Casey,Glass,1-726-764-1255,1-793-891-1698,arcu.eu.odio@aliquetnecimperdiet.org,et@anteVivamus.edu,1468
Imani,Pierce,1-106-990-7938,1-989-177-4225,erat@congueturpisIn.edu,nec@egetlaoreetposuere.ca,6196
Chiquita,Murphy,1-654-544-5219,1-545-735-4466,id@arcu.net,enim.mi.tempor@mattisCras.edu,33098
Maite,Newton,1-211-688-8415,1-204-755-0728,risus@Namporttitorscelerisque.net,a.purus@eunulla.edu,21503
Maya,Hester,1-840-447-5209,1-346-683-7960,ac@libero.org,ut.ipsum.ac@Aliquamadipiscinglobortis.org,9143
Stephanie,Wynn,1-689-825-4192,1-153-353-5914,aliquet.diam@Duisami.org,lobortis.quis.pede@vitaeodiosagittis.net,12227
Lionel,Long,1-491-315-9447,1-826-735-4122,mauris.eu.elit@vulputatedui.org,elementum.at.egestas@auguemalesuada.ca,12805
Kim,Park,1-801-924-6494,1-874-431-5268,egestas.ligula@Duisdignissim.ca,lectus.quis.massa@utnulla.co.uk,5338
Yuli,Rosario,1-846-680-0962,1-747-112-6061,sem.magna@eutempor.net,luctus.ipsum.leo@Vestibulum.edu,5062ET
Jorden,Rhodes,1-819-383-1513,1-684-449-8733,Quisque.imperdiet.erat@dapibusid.co.uk,scelerisque@eleifend.com,08234
Bell,Schultz,1-858-631-9204,1-895-593-7792,ante.Maecenas@enimcommodo.edu,venenatis.a@luctusaliquet.co.uk,27220-268
Brynne,Drake,1-406-286-4458,1-952-790-6260,pede@temporestac.edu,ante.ipsum.primis@egetipsumSuspendisse.co.uk,Xxxx
Caryn,West,1-638-372-8624,1-994-966-5783,feugiat.placerat@orciin.edu,felis@cursusNuncmauris.org,L0Y 1H3
Allistair,Dennis,1-798-445-2706,1-257-477-5063,lorem.ipsum.sodales@ornarelibero.org,orci.in@dolorNullasemper.org,ET47 8EC
Malachi,Morin,1-591-938-7882,1-371-114-7635,rutrum.Fusce@dapibusligulaAliquam.ca,In.mi@musProinvel.co.uk,7401
Grant,Perez,1-929-291-2050,1-785-392-6478,rhoncus@eleifendnuncrisus.com,amet.luctus@bibendum.com,Xxxx
Kylee,Knight,1-974-205-6025,1-654-828-5198,vehicula.aliquet.libero@egestas.com,enim.nisl@purusin.ca,23389
Troy,Eaton,1-811-431-1252,1-687-642-1564,per@intempuseu.ca,magna@Innec.org,I6Q 4FI
Upton,Gallagher,1-675-280-4950,1-827-116-4302,nascetur@nonluctus.edu,nunc@quis.co.uk,05212
Ori,Livingston,1-396-650-6809,1-585-646-9886,faucibus@auctornon.ca,Curabitur@nectellusNunc.com,27096-191
Xyla,Humphrey,1-731-719-3358,1-628-201-4376,iaculis.odio@sodalespurus.edu,consectetuer@DonecegestasDuis.ca,9571
Julian,Blankenship,1-508-227-3397,1-764-179-5811,sollicitudin.orci.sem@Morbinonsapien.org,lorem.Donec@convallis.org,74749
Reece,Dunn,1-931-149-4129,1-801-633-8851,velit.Sed@maurissagittisplacerat.com,pellentesque.eget@adipiscingligula.edu,38980-178
Cooper,Spencer,1-462-247-4912,1-536-799-7921,sed.turpis.nec@aultriciesadipiscing.org,scelerisque@ut.com,1647KL
Neville,Carey,1-492-342-1822,1-914-933-1861,lectus.pede@eget.ca,eu.nibh.vulputate@eueleifendnec.com,4063
Hollee,Bishop,1-627-786-0617,1-219-424-5621,egestas@euelit.org,nostra@Sed.net,8977
Madaline,Raymond,1-485-694-9295,1-817-243-3946,libero@est.co.uk,Nam@ipsumnunc.edu,23840
Yasir,Tyler,1-538-990-8137,1-473-377-5674,vitae.orci@eleifend.com,ad.litora@primisinfaucibus.com,L5X 6Y6
Aimee,Payne,1-925-881-4255,1-598-226-8420,in.sodales.elit@nisi.com,lorem@sociis.edu,5003EG
Yen,Baxter,1-721-702-1333,1-604-668-0116,sed@acfacilisisfacilisis.net,et.libero.Proin@Innecorci.co.uk,52365-692
Montana,Hogan,1-833-854-4612,1-270-261-1593,a.purus@euismodac.edu,urna@arcu.com,17188
Erasmus,Huffman,1-860-310-4265,1-690-769-6821,tincidunt.dui@elitpedemalesuada.net,fermentum.risus@dignissimMaecenasornare.edu,94795
Jeremy,Long,1-513-729-3061,1-548-959-1216,est@tacitisociosqu.org,urna@Curabitur.org,6179
Cedric,Barlow,1-971-529-4795,1-112-257-3973,non@rutrummagnaCras.com,eu.elit@bibendum.org,19121
Denton,Schultz,1-867-609-9992,1-513-953-2762,laoreet@Morbinon.edu,elit.pellentesque@nisidictum.net,J8Z 2X2
Orlando,Barron,1-666-993-6155,1-685-129-6910,et@imperdiet.co.uk,Suspendisse@eleifendvitaeerat.ca,9160
Hadley,Mayo,1-726-857-9060,1-943-623-8729,Proin.dolor@tincidunt.net,Etiam@facilisiSed.org,Xxxx
Travis,Noble,1-761-562-1625,1-188-465-5603,auctor.vitae.aliquet@pede.co.uk,sociosqu.ad@tellusjusto.com,Xxxx
Fatima,Stafford,1-374-580-7416,1-342-808-9479,Quisque.imperdiet@augueacipsum.edu,a.mi@justo.edu,LJ64 8LJ
Hillary,Duke,1-353-635-0567,1-428-298-4739,Phasellus@nullaInteger.co.uk,ante.dictum.cursus@duinec.ca,19438
Martina,Frye,1-700-100-2441,1-355-510-0302,tempor.est.ac@eratEtiam.ca,Suspendisse.sed@nulla.edu,42663
Nathan,Wolf,1-399-859-4144,1-658-782-9065,vehicula.et.rutrum@ultricies.co.uk,Donec.tempor@idnunc.com,DG91 3OR
Cain,Blackwell,1-900-455-1612,1-861-604-4838,urna.et@magnaUttincidunt.co.uk,nunc@eulacus.edu,N1G 3J4
Chanda,Weeks,1-579-128-3023,1-182-277-9836,ante.Maecenas.mi@dapibusidblandit.edu,pharetra.felis.eget@Nullaaliquet.edu,56039
Dale,Bennett,1-728-187-9621,1-615-119-9839,dui.Cum.sociis@lacus.edu,diam.nunc.ullamcorper@semPellentesque.com,66155
Kiara,Jimenez,1-416-335-2834,1-498-751-9003,natoque.penatibus.et@velmaurisInteger.com,nec.cursus@eleifendnecmalesuada.net,97385
Barclay,Hanson,1-794-831-4216,1-924-197-7866,at@Vivamussitamet.com,eu.tellus@eros.ca,01270
Kiona,Collier,1-259-836-5483,1-609-111-5590,venenatis.vel@facilisismagnatellus.net,sed@necurna.org,1300KE
Colin,Witt,1-720-380-8527,1-941-680-0042,mollis.vitae.posuere@elit.ca,Vestibulum@molestie.edu,Xxxx
Deborah,Garza,1-251-236-3168,1-326-336-7539,risus.In.mi@ultricesiaculis.edu,tempor.arcu.Vestibulum@Nam.net,R4K 8B2
Ariel,Farmer,1-835-511-8190,1-791-454-1309,ac.metus.vitae@inconsequatenim.com,lobortis.Class@Duis.com,9711DS
Leila,Foreman,1-152-832-2564,1-728-375-3735,pharetra.Quisque@placeratCrasdictum.edu,montes.nascetur.ridiculus@eros.com,67714
Zephr,Alvarez,1-775-149-6023,1-632-358-5044,dictum.mi.ac@volutpatnunc.ca,enim@ProindolorNulla.ca,73623
Brady,Osborn,1-202-166-6432,1-385-733-9525,in@eueuismod.org,orci.quis.lectus@semvitaealiquam.net,86325
Tate,Sykes,1-928-553-6275,1-651-478-7065,scelerisque.sed@PraesentluctusCurabitur.co.uk,volutpat.nunc@a.net,Xxxx
Zahir,Barrett,1-945-307-0646,1-883-753-3083,eleifend.Cras.sed@ante.com,sagittis.placerat@scelerisque.ca,31714
Kane,Morse,1-712-243-0824,1-277-627-0784,dis.parturient.montes@iaculis.co.uk,dapibus.rutrum.justo@Duismienim.edu,25277
Adam,Hyde,1-322-401-7868,1-757-230-2815,Nulla.tincidunt@luctus.net,ligula.tortor.dictum@cursusin.net,2212
Xanthus,Walter,1-886-558-8606,1-861-286-8733,a@lorem.com,massa@commodohendrerit.org,44320
Driscoll,Alston,1-553-675-8192,1-734-253-0307,egestas.blandit.Nam@nibh.com,et.lacinia@massalobortis.ca,39763
Summer,Conrad,1-795-862-6819,1-454-110-2390,odio.tristique@aliquetliberoInteger.net,libero.est.congue@interdumenim.edu,66234-438
Adara,Rutledge,1-918-357-3811,1-378-418-4774,justo.faucibus.lectus@mollis.net,Sed.eu@eleifend.ca,69347
Quemby,Madden,1-622-460-7705,1-356-715-9825,dolor@duiCras.org,Curabitur.ut@semperNamtempor.com,21947
Tashya,Dunlap,1-943-884-1189,1-303-259-2652,per.inceptos@lacuspedesagittis.ca,lacinia.Sed.congue@velitinaliquet.ca,5499
Mechelle,Bradley,1-864-895-3980,1-506-785-3823,euismod.et@nislsem.co.uk,Donec@pedeacurna.org,4799
Bertha,Vazquez,1-714-881-6355,1-680-532-4403,Nulla.tincidunt@Morbi.org,Duis.at@Maurismagna.edu,B9V 4M2
Acton,Frank,1-346-690-6250,1-584-288-7920,adipiscing@aliquet.co.uk,sem.mollis.dui@magnaSed.net,E5S 4B7
Tyrone,Underwood,1-207-177-2802,1-932-716-8943,lorem@felisorci.org,Nam@convallisligula.net,P8J 4X5
Genevieve,English,1-814-594-8267,1-610-794-4774,facilisis.Suspendisse@lobortisClass.net,euismod.est.arcu@necdiam.edu,0527
Kylynn,Rios,1-235-694-0217,1-970-961-1972,Morbi.vehicula.Pellentesque@maurissit.ca,Phasellus.fermentum.convallis@semperegestasurna.org,S1 2VD
Yvette,Beard,1-826-173-8571,1-238-354-8725,imperdiet.ullamcorper.Duis@Donec.net,lectus@ipsumDonec.co.uk,44358
Chantale,Snow,1-466-192-7924,1-643-272-7930,mauris@QuisquevariusNam.net,dignissim@semut.co.uk,04350
Quon,Tanner,1-351-945-0776,1-258-887-7092,adipiscing.ligula.Aenean@Nullaegetmetus.org,nulla@rhoncusProinnisl.edu,9898
Mira,Owens,1-576-869-5747,1-139-324-9190,sed.est.Nunc@felisadipiscingfringilla.ca,Donec.vitae.erat@acmetus.org,V9S 5K3
Miriam,Pickett,1-499-881-7871,1-877-743-5867,consectetuer@aultriciesadipiscing.ca,dui.quis@pedeSuspendissedui.edu,6186
Uma,Rosario,1-516-294-6295,1-975-554-0199,vitae@sedest.edu,pretium@libero.org,F07 2FR
Calista,Fowler,1-767-873-8586,1-840-399-4761,semper.Nam@Proinnon.com,Donec@lacuspede.co.uk,58899
Craig,Stafford,1-965-680-7368,1-542-449-8132,risus.Donec@erateget.ca,et.magnis@molestiedapibus.net,83056-641
Audra,Richards,1-557-461-6121,1-885-339-0815,tristique.senectus.et@iaculislacuspede.ca,sodales.nisi@non.ca,1636
Petra,York,1-891-686-9150,1-175-883-6581,faucibus.lectus@NullamenimSed.org,eu.odio.Phasellus@Mauriseuturpis.co.uk,78843
Norman,Lyons,1-912-559-7336,1-265-142-7319,interdum@risusDuisa.net,sociis.natoque.penatibus@non.org,70409
Lenore,Sosa,1-563-737-7207,1-285-956-0931,vel.sapien@vehiculaetrutrum.edu,vulputate@vestibulumnec.ca,21978
Brady,Stephenson,1-900-624-5627,1-800-436-3508,dolor.sit@feugiat.com,dui.Fusce.diam@hendrerita.edu,90871
Ulric,Conway,1-555-163-3442,1-621-122-2136,dignissim.pharetra@nequepellentesque.net,molestie.arcu@disparturient.org,3166
Kevyn,Blevins,1-177-497-6108,1-564-311-9663,a.dui@risus.edu,lorem@interdumNuncsollicitudin.com,9548
Gabriel,Bradley,1-138-603-7247,1-910-321-7344,malesuada@miAliquam.org,iaculis.nec@disparturientmontes.co.uk,70853
Genevieve,Walters,1-575-512-0078,1-131-845-0307,blandit@placerateget.com,orci.lacus@nuncacmattis.edu,59804
Yeo,Hoover,1-574-122-3791,1-798-271-0679,ipsum.dolor@venenatislacusEtiam.ca,mauris.blandit@magnaCras.ca,Xxxx
Keaton,Douglas,1-554-892-7006,1-913-210-8068,eget.volutpat.ornare@loremauctor.co.uk,Maecenas@massaInteger.co.uk,57348
Xaviera,Ellis,1-627-917-3592,1-267-402-7372,semper@nasceturridiculusmus.net,tellus.lorem@ut.net,1002
Serina,Henderson,1-876-134-3471,1-843-151-5273,eget@Cum.com,dui@purus.ca,67901
Walker,Maddox,1-447-281-3076,1-359-716-0403,mi@enim.ca,ante.ipsum.primis@euismodac.com,P38 6VX
Alfonso,Willis,1-802-484-9860,1-139-589-2365,diam@duinectempus.org,massa.Suspendisse.eleifend@tempus.org,58297
Quincy,Ray,1-601-362-2405,1-247-889-2331,torquent.per.conubia@sitametmetus.co.uk,Vivamus.non.lorem@aliquetmolestietellus.co.uk,1499
Erasmus,Tyler,1-362-435-3231,1-415-367-2317,Nullam@mollisvitaeposuere.co.uk,sed.pede.nec@laciniamattisInteger.co.uk,6140
Melanie,Schmidt,1-309-715-9821,1-339-516-7144,at@sitamet.com,massa@arcuetpede.net,A0A 9J2
Caleb,Moss,1-267-748-1894,1-297-204-2806,tellus.justo.sit@velpede.net,eget.magna.Suspendisse@nullaIntegervulputate.net,5378
Dante,Taylor,1-713-810-1253,1-159-826-5821,purus.gravida.sagittis@auctorodioa.edu,Donec.elementum@auctorullamcorpernisl.edu,83195-636
Dakota,Fleming,1-549-931-1131,1-645-438-5187,Donec@ac.ca,adipiscing.elit.Curabitur@dictumeleifendnunc.com,17172
Nell,Carrillo,1-656-734-0053,1-733-776-0622,diam.luctus@malesuadaInteger.org,nibh@sagittis.org,1258
Arthur,Cote,1-874-127-6819,1-524-944-8332,Duis.gravida.Praesent@Etiamimperdiet.org,sit.amet.metus@porttitortellusnon.co.uk,85037
Isabella,Frost,1-292-524-2407,1-876-736-9725,sociosqu@egestasligulaNullam.edu,sed.est@Sedid.co.uk,30409
Courtney,Carr,1-694-382-5448,1-588-923-2106,eu.accumsan.sed@Duisrisus.org,leo.Cras.vehicula@maurisanunc.ca,0499KG
Denise,Mooney,1-433-449-3887,1-763-709-1748,augue@egestasFuscealiquet.co.uk,Lorem.ipsum.dolor@nonummy.com,20800
Kiara,Mills,1-427-434-8153,1-251-254-3849,eget.magna@nonluctussit.co.uk,Morbi@quisdiamluctus.co.uk,2046
Stuart,Moses,1-218-739-3821,1-325-910-7336,felis.Nulla@Quisque.com,penatibus.et@ascelerisquesed.com,36348
Lamar,Benton,1-871-614-2764,1-197-468-6009,urna@ullamcorpernislarcu.com,penatibus.et@perconubianostra.com,9960
Howard,Townsend,1-803-990-3689,1-699-896-1207,mus@Duisvolutpatnunc.org,ipsum.porta.elit@neque.com,82941
Urielle,Frost,1-164-361-2011,1-409-502-4857,eget.venenatis@neque.ca,ridiculus@velit.ca,98202
Dolan,Barrera,1-832-317-9750,1-422-136-6808,Sed.congue.elit@duiinsodales.net,sed.tortor@scelerisquenequesed.com,87884-388
Kimberly,Cameron,1-998-679-3460,1-336-304-5811,imperdiet.nec.leo@condimentumDonecat.net,neque@euligula.ca,71194
Pascale,Durham,1-627-439-3370,1-101-727-5421,non@urnasuscipit.com,dignissim.lacus.Aliquam@rhoncus.edu,6017UL
Kennedy,Foley,1-884-140-2775,1-106-689-9062,mattis.Cras@luctus.ca,tincidunt.vehicula@eratvolutpat.ca,78105-965
Wanda,Finley,1-272-289-4447,1-701-740-3077,vestibulum@quisdiam.ca,blandit@Nulla.edu,S6M 2C2
Venus,Carroll,1-465-406-2777,1-303-415-1399,blandit@feugiat.org,turpis.non@Nuncquis.edu,38341
Gil,Hinton,1-404-349-4965,1-673-821-6962,justo.Praesent@ornarefacilisiseget.co.uk,et.magnis@dui.edu,66997
Macey,Thompson,1-583-166-8331,1-248-350-6115,tortor.Integer.aliquam@egetmollislectus.ca,facilisis.Suspendisse@sedleo.org,41318
Karen,Fleming,1-778-749-9069,1-955-640-9958,condimentum@Duisacarcu.net,eget.magna@eleifendvitaeerat.edu,Z42 9JT
Rhonda,Mcpherson,1-158-905-6376,1-564-302-0567,blandit.viverra.Donec@ametluctusvulputate.edu,senectus@velitjusto.ca,Xxxx
Adele,Compton,1-992-556-1118,1-549-754-4240,pede@nisl.com,Fusce.fermentum@disparturientmontes.com,Xxxx
Maggie,Carlson,1-316-837-9134,1-219-651-0623,dictum.augue.malesuada@liberoInteger.net,sit.amet@Morbi.net,AP80 1DK
Yvonne,Nolan,1-944-344-6261,1-146-200-5089,id@nonlaciniaat.org,feugiat@dolorelit.net,10220
Patricia,Edwards,1-873-569-8773,1-265-582-0532,sit.amet@Inornare.com,consectetuer.euismod@venenatislacus.org,6581
George,Booker,1-284-435-9896,1-642-138-1579,ridiculus.mus@nisidictum.co.uk,aliquam@ligulaconsectetuerrhoncus.org,27165
Elvis,Bryan,1-427-183-9036,1-484-817-7857,et.lacinia@felis.ca,vel.faucibus.id@non.co.uk,90390-754
Kylie,Armstrong,1-367-253-8960,1-420-146-9751,magna.Nam.ligula@Sed.org,hendrerit@at.ca,Xxxx
Angela,Daugherty,1-817-206-8000,1-105-703-3218,sollicitudin.orci@orciconsectetuer.org,quis.massa@duilectusrutrum.org,67289
Herrod,Rivas,1-481-115-4009,1-236-182-5001,Duis.volutpat@nislsemconsequat.org,Cras.eu@vitae.co.uk,29112
Quintessa,Chan,1-395-277-5229,1-709-672-4508,Aliquam.gravida@Cras.com,ac@Cumsociis.ca,72835-023
Caldwell,Dillon,1-984-445-1953,1-673-517-0635,fames.ac.turpis@nibhenimgravida.org,hendrerit.Donec@dictumeu.net,B9G 0L5
Oprah,Daniel,1-913-629-9760,1-614-170-8495,ullamcorper@gravidasagittis.com,augue.Sed.molestie@odiovelest.co.uk,K2A 1Y0
Shay,Bowen,1-598-682-5339,1-142-879-3797,nec.urna.suscipit@ametornarelectus.org,dui.lectus.rutrum@fermentumrisus.org,50414
James,Hoffman,1-631-669-5387,1-212-966-7910,dui@gravidanuncsed.edu,a.magna@metusfacilisislorem.com,7446
Amanda,Blair,1-492-426-3576,1-374-618-1784,eu@malesuada.ca,eget.laoreet.posuere@anteiaculisnec.edu,Xxxx
Venus,Ayers,1-332-968-6313,1-774-682-3246,non.sollicitudin@elit.edu,erat@Phasellus.net,3361
Adele,Wilcox,1-337-982-8061,1-534-656-5746,Integer.vitae.nibh@afelisullamcorper.edu,In@aliquetvelvulputate.net,43688
Clare,Harrington,1-571-140-1133,1-211-489-7942,eu.elit.Nulla@adipiscingelit.net,Donec.consectetuer.mauris@velitAliquam.co.uk,20031-463
Kuame,Sampson,1-747-531-7231,1-309-956-7493,congue.a@dapibusid.ca,euismod.ac@elementum.ca,Xxxx
Noel,Vargas,1-822-995-2083,1-178-753-6978,at.auctor@aliquamadipiscing.com,consectetuer.adipiscing@Intinciduntcongue.net,0187
Olivia,Cortez,1-569-402-7054,1-121-796-6905,eget.venenatis@temporerat.net,sollicitudin.a@egetipsumDonec.net,39108
Connor,Mcclain,1-390-286-1499,1-473-387-4720,Pellentesque@venenatis.com,Donec.luctus.aliquet@lacus.co.uk,YA43 8UL
Vielka,Michael,1-557-539-3374,1-367-212-4560,tristique.pharetra@sem.net,in.molestie@eusem.org,83016-869
Jack,Harding,1-156-502-5755,1-449-907-3212,risus@sedpede.edu,odio@loremloremluctus.ca,Xxxx
George,Carver,1-782-949-5049,1-939-762-8957,egestas.Aliquam@ornareelitelit.co.uk,sed.facilisis@ligulaelit.org,53832
Hedda,Campos,1-829-625-6700,1-533-550-4278,est.tempor.bibendum@egestasnunc.co.uk,eleifend.Cras.sed@dictum.net,4528
Coby,Booth,1-926-360-8651,1-430-885-7799,vitae.risus.Duis@eratneque.co.uk,Nam.porttitor.scelerisque@et.ca,49489
Erin,Patrick,1-504-503-3421,1-263-825-5035,quam.vel@urna.net,mi@arcuVestibulum.ca,69372
Wanda,Bruce,1-116-620-1824,1-697-759-2778,lacus.Quisque@turpisnec.ca,a.ultricies@dictummagna.net,49646
Ima,Weeks,1-676-451-3979,1-354-949-5418,eu.odio@tellusid.net,sed@quis.co.uk,10912
Elliott,Garrett,1-717-671-8681,1-159-391-2838,luctus.lobortis@sitametorci.com,dui@adipiscing.net,5465SQ
Nero,Wong,1-508-935-3658,1-786-185-1424,metus.Aenean.sed@montesnascetur.edu,et@imperdieteratnonummy.net,54569
Stella,Boone,1-855-457-4351,1-280-701-9696,Sed@Proin.co.uk,neque.Morbi.quis@venenatislacus.ca,45235
Allistair,Harvey,1-790-661-9828,1-693-359-7616,neque.Nullam@ut.ca,Donec.at@molestiesodalesMauris.net,11687
Rafael,Kent,1-185-541-2330,1-617-960-3120,augue.scelerisque@velvulputate.edu,elit.fermentum.risus@ametdapibusid.ca,41447
Lucian,Cox,1-622-145-0957,1-264-959-5959,egestas.lacinia.Sed@nuncullamcorpereu.com,eleifend.vitae.erat@penatibuset.co.uk,8957
Jessamine,May,1-341-229-0209,1-676-659-8635,Etiam.laoreet@lobortis.co.uk,molestie@lacuspede.edu,25992
Destiny,May,1-608-299-7577,1-681-828-0582,rutrum.lorem.ac@nonummy.org,nulla.In.tincidunt@sapiengravida.co.uk,Xxxx
Lillith,Ballard,1-970-855-6215,1-497-302-0214,sed.hendrerit@egetipsumDonec.net,odio.tristique@augueut.co.uk,8391
Fulton,Doyle,1-264-613-4408,1-872-745-4167,Sed.malesuada@a.ca,adipiscing@turpisvitae.org,DV0 6YS
Ethan,Finley,1-249-759-3632,1-124-941-3976,Mauris.vel@nibh.edu,dictum@anteMaecenasmi.org,9284
Cleo,Chan,1-153-188-0294,1-270-692-0942,felis.ullamcorper.viverra@elitdictum.org,lectus.a@Vivamus.ca,2719
Leonard,Compton,1-256-426-9280,1-232-269-3047,nisl@fringilla.org,Suspendisse.eleifend@ametfaucibus.edu,T0A 0Y1
Denise,Daniels,1-438-369-7421,1-795-331-6393,Donec.egestas.Duis@laciniaorci.com,nunc.interdum@tempor.edu,31511
Demetrius,Jimenez,1-748-811-7400,1-873-245-6505,velit.Quisque.varius@atlacusQuisque.net,gravida.molestie.arcu@sit.net,XX25 3IE
Erich,Patel,1-933-786-6632,1-987-359-2229,elit.pharetra@ligulaNullamenim.com,velit.justo@dictumultricies.com,60957
Dorian,Burgess,1-743-130-9152,1-647-170-5267,laoreet.posuere.enim@turpisIn.ca,sit.amet@Nulla.co.uk,92357
Bianca,Moss,1-512-780-4861,1-528-767-0717,dolor.Fusce.feugiat@Phasellusdapibus.co.uk,aliquet.Proin.velit@utodio.ca,20172
Addison,Jones,1-975-792-6967,1-931-476-6720,arcu.Vestibulum@justofaucibus.edu,tellus.justo@Loremipsumdolor.ca,02681
Amanda,Tyson,1-685-257-2846,1-351-939-5668,ipsum.non@enim.com,Donec.fringilla@cursusvestibulumMauris.edu,4251
Julian,Hinton,1-717-236-5211,1-905-120-1611,arcu@sollicitudin.com,urna.convallis@aliquetlobortisnisi.edu,79995
Amethyst,Carver,1-732-167-6448,1-780-746-3650,pede.ultrices.a@aliquamiaculislacus.edu,nunc.nulla.vulputate@Nulla.net,T1S 2R4
Andrew,Hurley,1-679-315-8141,1-931-602-8847,Curabitur.consequat.lectus@eliteratvitae.edu,interdum.enim@aarcuSed.edu,80662-071
Hanna,Trevino,1-741-626-3251,1-156-235-3412,at.risus@gravida.ca,Duis.sit@at.ca,3039
Ira,Mills,1-457-118-3717,1-843-875-3275,quam@Cumsociisnatoque.org,facilisis.facilisis.magna@adipiscingenimmi.edu,37965-144
Libby,Rodriquez,1-232-560-0637,1-286-755-8984,Mauris@velit.co.uk,eros.turpis.non@a.net,41810
Nomlanga,Mccoy,1-198-175-2070,1-210-598-9827,consectetuer.adipiscing@primis.edu,non.enim@et.com,09010
Brittany,Nash,1-195-912-3950,1-106-469-2319,erat@enim.edu,diam@Sed.com,V02 0KK
Abdul,Johnston,1-515-637-8598,1-913-251-6953,enim.nisl@FuscemollisDuis.edu,auctor.non.feugiat@facilisiseget.com,3454
Amity,Mullen,1-201-541-1620,1-974-372-7365,adipiscing.elit@elit.edu,ac@interdumfeugiatSed.com,64247
Valentine,Yang,1-499-203-4708,1-191-638-2932,sit.amet@euduiCum.com,ornare.tortor@luctuslobortisClass.co.uk,25106
Brenden,Delgado,1-351-644-8018,1-742-615-4812,leo.Morbi@in.com,cubilia.Curae@aauctor.co.uk,28556
Oprah,Rocha,1-378-894-5374,1-937-745-8441,vestibulum@Duissitamet.edu,ultricies.ornare@tincidunttempusrisus.ca,23708
Willow,Barrett,1-365-308-0713,1-303-354-0697,sed.dolor@semper.co.uk,mauris@Etiamimperdietdictum.co.uk,33564
Sopoline,Velasquez,1-920-627-1708,1-728-587-2735,elit.Aliquam.auctor@feugiatLoremipsum.org,tellus@eu.org,88805
Chava,Ochoa,1-415-457-8532,1-508-527-1649,mauris.ipsum.porta@IntegermollisInteger.net,vulputate.posuere.vulputate@rhoncusProinnisl.edu,0909JJ
Prescott,Lowery,1-124-103-1700,1-531-995-8935,elit.sed.consequat@magnamalesuada.ca,lorem.ut.aliquam@Proin.ca,28335-440
Prescott,Mitchell,1-961-854-3320,1-387-198-6504,eget.volutpat@et.net,bibendum.sed.est@turpis.com,0481
Hiroko,Owens,1-897-340-5473,1-882-160-9563,lacinia.at.iaculis@amet.net,euismod@leoCras.org,02841
Nicholas,Morrison,1-236-283-5797,1-360-214-5268,egestas@Duisac.edu,metus.In.nec@ametconsectetuer.net,21705
Alexis,Raymond,1-628-171-6647,1-368-274-1553,arcu.Curabitur.ut@Incondimentum.ca,rutrum.eu@CrasinterdumNunc.ca,63279
Rhonda,Atkinson,1-626-480-8593,1-141-497-9188,vitae@senectuset.co.uk,Pellentesque.habitant.morbi@Intincidunt.co.uk,16798
Murphy,Roman,1-802-790-7676,1-307-677-9322,lorem@variusNamporttitor.co.uk,eleifend.nec@felisorciadipiscing.co.uk,V8W 5P4
Samson,Nguyen,1-244-937-1509,1-548-266-5528,scelerisque.sed@tellusNunclectus.co.uk,at.pede.Cras@Inmi.ca,44593
Nina,Mcknight,1-921-215-2180,1-865-136-4428,pede.malesuada.vel@Sed.edu,ligula.Nullam.enim@sed.com,5717
Galvin,Harding,1-824-680-7271,1-699-652-5600,mollis.Integer.tincidunt@ac.edu,feugiat.metus.sit@justo.org,N1T 8X9
Jaden,Santana,1-904-250-2572,1-913-726-2726,Maecenas.ornare@imperdietnonvestibulum.ca,magna.Lorem@atvelit.com,63099
Eugenia,Moore,1-390-660-1085,1-407-623-1007,natoque.penatibus@velitegestaslacinia.edu,facilisis@Integer.edu,7967
Astra,Olson,1-660-637-9689,1-764-332-4594,et.pede@commodo.edu,ut.ipsum.ac@tempusnonlacinia.co.uk,7262OB
Hu,Ware,1-633-245-0548,1-307-622-1013,nec.quam.Curabitur@consectetuercursus.co.uk,elit@Sednunc.com,31517
Quinn,Sawyer,1-540-851-9805,1-255-330-3540,odio@duinecurna.net,diam.Proin.dolor@Suspendissealiquet.ca,TN80 1IC
Evan,Newman,1-953-728-1811,1-759-216-5680,ante.blandit.viverra@acliberonec.org,purus.Duis.elementum@CrasinterdumNunc.net,48354
Tallulah,Diaz,1-390-963-4583,1-567-496-9436,Pellentesque.tincidunt.tempus@ascelerisque.net,eleifend.Cras@egestas.com,EI30 8TS
Norman,Armstrong,1-377-610-4455,1-717-513-9927,Nunc.sollicitudin@dolorNullasemper.com,eu.enim.Etiam@penatibus.com,Xxxx
Uriel,Berry,1-852-897-4536,1-398-687-8627,leo.Morbi@molestie.ca,gravida@interdumCurabiturdictum.edu,6186
Tate,Glass,1-229-528-0068,1-786-277-6388,Nunc@NullainterdumCurabitur.edu,nulla.Integer@Phasellusataugue.com,88675
Joshua,Henson,1-821-560-3902,1-118-500-7332,ante.dictum@sed.edu,tristique.pharetra.Quisque@musProinvel.co.uk,64375
Dakota,Dominguez,1-629-962-4831,1-834-683-8141,luctus.et.ultrices@euerat.co.uk,Nunc.laoreet.lectus@nasceturridiculusmus.ca,M2M 3P6
Catherine,Soto,1-186-468-8870,1-470-427-9860,magna.Ut.tincidunt@nec.net,eu.dui@odiosagittis.net,46526
Tashya,Justice,1-483-181-6844,1-407-599-7583,non.massa.non@Vestibulumaccumsanneque.edu,bibendum.sed@aliquetsem.com,78519
Felicia,Mccall,1-822-416-1750,1-804-327-1793,metus@eratVivamusnisi.ca,ornare.lectus@scelerisquenequeNullam.com,60077
Vivien,Baker,1-187-441-3255,1-670-237-4023,pede.malesuada.vel@arcu.com,non@Phasellusdapibusquam.co.uk,7642
Stephen,Roberson,1-443-924-1526,1-649-311-2342,sed@placerat.ca,justo.nec.ante@ante.net,74624
Wynter,Harmon,1-627-150-5721,1-611-709-3218,est.Nunc.ullamcorper@telluslorem.org,ipsum@antelectusconvallis.org,7802
Thaddeus,Mcfadden,1-916-538-3386,1-695-461-2117,Praesent.eu.dui@semper.net,ornare.lectus.ante@dolorquamelementum.net,1538
Ross,Quinn,1-743-697-2003,1-372-982-5713,purus.sapien.gravida@orciconsectetuereuismod.edu,molestie.in.tempus@nonmassa.edu,53470
Nicole,Myers,1-992-615-4121,1-203-663-7982,cubilia.Curae.Phasellus@acfermentum.net,vel.arcu.Curabitur@commodoipsum.edu,6232
Stella,Parks,1-975-267-7545,1-995-214-2595,ultricies.adipiscing@feugiatSednec.co.uk,vestibulum.massa@fermentum.co.uk,8769
Shay,Battle,1-339-788-6682,1-710-617-2655,enim.Nunc.ut@tinciduntdui.com,dui@malesuadautsem.com,50761
Gisela,Rosario,1-864-412-4597,1-725-945-3044,Aliquam.adipiscing@id.net,diam.lorem@vehiculaet.net,P5Z 9PK
Halla,Blake,1-666-400-8571,1-908-658-8577,Aliquam@mi.org,pretium@ligula.edu,65913
Pandora,Osborn,1-148-966-4844,1-446-624-2027,fringilla.purus@utipsum.org,vulputate.dui.nec@ligulaAenean.org,8875
Audrey,Clay,1-714-462-7466,1-338-761-6832,tincidunt.pede.ac@mollisnoncursus.edu,lectus.ante@CraspellentesqueSed.edu,34657
Joseph,Fry,1-460-392-0001,1-260-270-2527,malesuada.fames.ac@sedsem.org,dapibus.id.blandit@natoquepenatibuset.edu,6226
Leslie,Fischer,1-664-824-9051,1-679-483-2228,ac@purusactellus.co.uk,Duis.a@arcu.org,9623
Lara,Ferrell,1-978-763-4057,1-339-324-1624,justo.sit.amet@Suspendissealiquetmolestie.ca,enim.non.nisi@posuerecubiliaCurae.ca,80331-904
Georgia,Welch,1-653-825-2911,1-489-572-1835,ut.molestie.in@atauctor.ca,nec.mollis.vitae@mauriselit.ca,7502
Conan,Ford,1-416-108-6344,1-696-254-3416,mauris.aliquam.eu@consectetuercursuset.edu,Vivamus.sit.amet@imperdiet.com,17453
Jenette,Collins,1-596-837-5284,1-892-911-2666,elementum.at.egestas@ac.edu,arcu.Curabitur.ut@adlitoratorquent.co.uk,51641
Ryan,Griffin,1-406-163-8648,1-832-561-4400,ac@dictumsapien.co.uk,blandit.congue@massa.ca,6302
Mannix,Warren,1-817-740-2126,1-537-660-7554,Duis.ac.arcu@tempor.com,Nulla.facilisis@Integereu.ca,21203
Raja,Reilly,1-134-100-6599,1-552-236-9895,egestas.a@tellusfaucibusleo.com,elit.a@aliquetnec.ca,9810
Sybill,Rowland,1-587-130-1760,1-666-266-7835,Nunc.mauris@amet.com,arcu@Donecest.ca,84690
Ezekiel,Nelson,1-293-986-4396,1-227-968-4859,nostra.per.inceptos@semegestas.edu,libero@purus.co.uk,73290
Bianca,Mayo,1-954-442-7118,1-360-458-7390,consequat@vitaeorciPhasellus.org,diam@aodio.org,68985
Yuri,Dyer,1-180-470-4575,1-988-481-3817,facilisis@egestasligula.com,Morbi@elit.org,3391TW
Elvis,Boyd,1-748-102-4247,1-320-602-9213,non@pedeCum.co.uk,odio.vel@MaurisnullaInteger.net,46628
Renee,Michael,1-931-336-6094,1-815-528-3827,ipsum@sagittisplacerat.com,nec.malesuada.ut@cursuspurus.co.uk,R9T 7Z1
Lydia,Bridges,1-713-551-7227,1-680-607-4992,sollicitudin.adipiscing@dolor.com,nec.metus.facilisis@ac.org,70208
Todd,Berg,1-940-790-6149,1-442-325-3691,consectetuer@estmauris.ca,Curabitur.ut@velarcuCurabitur.org,07168-561
Zephania,Stewart,1-524-883-9904,1-179-554-8587,nulla.Integer@Cumsociis.ca,ante@neque.com,Xxxx
Walter,Hart,1-572-861-9026,1-172-567-2321,adipiscing.fringilla.porttitor@odioNaminterdum.edu,commodo.hendrerit.Donec@purus.ca,20391
Astra,Church,1-679-902-0818,1-927-557-0222,arcu@mi.co.uk,blandit@velitQuisquevarius.ca,91270
Keely,Irwin,1-601-634-8490,1-683-267-7570,magna.tellus@tellusfaucibus.ca,et.eros@vel.org,C79 8JQ
Vanna,Spencer,1-334-893-0578,1-827-700-4232,nec@justoeu.com,blandit@Aliquamgravidamauris.edu,03309-087
Ethan,Medina,1-536-850-1765,1-198-367-3107,Quisque@interdum.edu,ridiculus@Donecelementumlorem.co.uk,15437
Iona,Clemons,1-943-653-2522,1-255-474-8017,Suspendisse.non.leo@estvitaesodales.co.uk,et@famesac.com,8863
Dakota,Valdez,1-941-197-5613,1-731-538-9218,posuere.cubilia.Curae@ipsum.com,nibh.Quisque.nonummy@acliberonec.com,37783-910
Faith,Garcia,1-561-583-3555,1-885-888-2619,convallis.est.vitae@Duiselementumdui.com,sed@sedfacilisis.net,12348-905
Shay,Love,1-564-735-6093,1-533-984-6609,Proin.eget.odio@egestas.ca,mollis@dolordolor.co.uk,40085
Hoyt,Cochran,1-526-196-0673,1-833-899-7013,porttitor.vulputate@lobortisnisi.org,pellentesque.tellus@facilisis.com,44650-388
Myra,Compton,1-751-563-8222,1-965-794-9374,Sed.eget@consectetueradipiscingelit.net,Nulla.dignissim.Maecenas@odioEtiam.edu,5173
Amethyst,Crosby,1-330-772-5794,1-252-227-8271,elit.pede@vulputateposuerevulputate.net,arcu@montesnascetur.edu,48266
Brynn,Sweet,1-433-902-7432,1-149-996-6268,non@ornarefacilisis.co.uk,ac.facilisis@dolorsit.net,8311
Azalia,Lee,1-535-135-0022,1-604-257-1837,odio.Aliquam.vulputate@Cras.edu,consectetuer@eu.net,4839
Shellie,Garcia,1-209-251-7336,1-714-847-9632,dolor.sit.amet@libero.edu,at.iaculis@Duis.org,1226BQ
Hector,Battle,1-373-274-9796,1-131-707-3881,dignissim.lacus@dictum.ca,eleifend.nec@Integervitae.ca,31701
Sandra,Peters,1-357-995-8091,1-447-863-9203,erat.semper@tellusnonmagna.org,pharetra.Quisque@Aeneansedpede.com,27890
Sigourney,Cobb,1-227-213-6664,1-389-352-1109,lacus.Quisque.imperdiet@ornarelectusante.edu,fringilla.purus@eunequepellentesque.net,21610
Zena,Noel,1-922-243-2320,1-310-890-5623,interdum.Curabitur@tincidunt.org,Nunc.mauris.Morbi@Sed.com,49586
Steel,Daniels,1-205-744-0743,1-748-857-3991,In@lorem.net,quis@musAeneaneget.com,87035
Hanae,Ferrell,1-546-954-8685,1-314-158-6382,Duis.sit.amet@Vivamus.edu,enim@risusDonec.ca,1206
Patricia,Sanders,1-363-577-5362,1-745-667-7778,auctor@atfringilla.com,egestas.a@nonummy.co.uk,22880
Kennan,Michael,1-847-185-4267,1-458-792-5240,ipsum.Phasellus.vitae@risusDonecegestas.org,nec.ante.Maecenas@auctor.org,90448
Brynn,Hoover,1-176-575-7461,1-454-403-1900,porttitor.eros@Aenean.com,accumsan@massaIntegervitae.com,95459
Peter,Mcpherson,1-485-481-7189,1-586-607-8955,sit.amet@faucibus.co.uk,semper.rutrum@idante.net,Xxxx
Veronica,Newton,1-635-707-5924,1-685-374-8307,nulla.In@maurisInteger.net,enim.Sed.nulla@Fuscedolor.org,83466
Kalia,Gill,1-129-199-5590,1-758-597-0857,neque@antedictum.co.uk,Nullam.suscipit.est@nequeNullam.edu,CC51 9DW
Colt,Copeland,1-230-995-3147,1-411-781-6412,fermentum.vel@lobortis.org,tristique.neque@augueSed.co.uk,OW8 1IY
Hanna,Tyler,1-966-402-0318,1-837-262-9003,rhoncus.id.mollis@neque.edu,vestibulum.Mauris.magna@sem.co.uk,R1B 0G9
Shelley,Miranda,1-602-893-9310,1-451-304-0067,mus.Proin@loremauctorquis.ca,massa.Suspendisse.eleifend@sedsemegestas.com,37231
Perry,Kennedy,1-489-586-2511,1-970-369-5149,erat.nonummy.ultricies@in.edu,in.tempus.eu@sempercursus.co.uk,R5J 1S4
Beau,Hoffman,1-540-591-8806,1-108-123-1236,ornare@quamCurabitur.net,amet.metus.Aliquam@inmagna.co.uk,22193
Chanda,Reilly,1-440-563-0667,1-336-281-1605,neque.sed@disparturientmontes.net,ut@semperegestas.co.uk,60700
Alden,Sharpe,1-726-833-8893,1-769-846-2409,Cras.dictum.ultricies@ac.org,dolor.dolor@sagittisfelisDonec.ca,G6X 1R1
Stone,Cunningham,1-276-890-8994,1-288-656-1133,quam@Morbi.org,Proin@faucibuslectusa.com,75622
Riley,Harrington,1-614-347-5615,1-136-734-0334,nonummy@molestie.co.uk,posuere.vulputate.lacus@feugiat.net,15759
Shafira,Sampson,1-420-642-4126,1-191-681-3176,mauris@molestiein.net,euismod@dolor.net,Xxxx
Holly,Berg,1-194-346-5174,1-332-474-1357,nec.tempus.mauris@Suspendissedui.net,elit.Aliquam@malesuadavel.org,98749-492
Rigel,Coffey,1-655-881-5889,1-765-711-1685,ligula.Donec.luctus@loremipsum.com,ornare.lectus@consectetuer.net,49947
Lacota,Wells,1-561-639-1175,1-698-504-2465,blandit@scelerisqueneque.edu,velit.Pellentesque@nectellus.co.uk,30729
Donna,Guthrie,1-457-101-7649,1-384-670-3367,In@ut.ca,mauris@perinceptoshymenaeos.org,80157-640
Jescie,Witt,1-629-956-7999,1-453-545-0629,Aliquam.ultrices.iaculis@Proin.ca,vehicula.et.rutrum@ultricies.co.uk,1246
Carolyn,Lawson,1-899-845-6697,1-780-306-9364,Aenean.gravida@etrutrum.co.uk,Nunc.sollicitudin.commodo@non.edu,7852
Joseph,Christensen,1-328-221-1904,1-651-996-9851,Cum@etarcuimperdiet.net,tempor.lorem.eget@laoreet.org,5914
Signe,Sandoval,1-473-570-4771,1-601-144-6685,in@dolorFusce.org,nulla.Cras.eu@vitaesodalesnisi.com,8379
Sopoline,Macdonald,1-702-722-1688,1-549-994-4981,ut.molestie@litoratorquent.com,parturient.montes@tellus.ca,14990
Hedda,Walker,1-933-532-6743,1-978-673-1357,Aenean@luctusipsum.ca,tristique.senectus.et@nequetellus.org,20813
Ryan,Hendricks,1-341-665-1365,1-871-887-7337,lacus@Phasellus.org,fames@montes.co.uk,1648
Jelani,Conner,1-775-497-6118,1-225-175-4394,sit.amet@Aliquamrutrumlorem.net,sed.hendrerit.a@Nunc.org,66300
Gray,Howell,1-691-979-8063,1-405-476-9197,nulla.Cras@pharetraQuisqueac.edu,orci.consectetuer@amet.edu,1698
MacKensie,Stone,1-822-327-5045,1-333-780-0857,velit.eget.laoreet@etmagnisdis.edu,lorem.semper.auctor@sit.net,2738
Galena,Guerrero,1-395-722-5334,1-804-889-8719,odio.auctor@ultriciesadipiscingenim.edu,id.libero.Donec@Inlorem.co.uk,03182
Alika,Mcgee,1-599-478-4748,1-645-738-6450,quis.accumsan.convallis@cubiliaCuraePhasellus.org,dapibus@sedlibero.org,4941
Raphael,Terrell,1-927-572-2018,1-568-517-7600,interdum.ligula.eu@antedictum.ca,netus.et.malesuada@et.ca,4283TZ
Brandon,Howell,1-615-670-5383,1-480-389-9258,egestas.Duis.ac@tristiquepharetraQuisque.ca,orci.lacus.vestibulum@diam.net,18308
Maxine,Suarez,1-751-349-5331,1-294-971-2742,dui.Suspendisse@asollicitudinorci.co.uk,libero.et@ProinvelitSed.org,9449
Althea,Sanford,1-319-359-0717,1-241-915-8728,In@perinceptoshymenaeos.net,nulla.In.tincidunt@dis.net,9450LS
Kelsey,Frye,1-481-559-8365,1-532-522-4473,Nulla.eget.metus@tellusjusto.ca,consectetuer.mauris.id@parturientmontesnascetur.com,5653
Jack,Terrell,1-194-429-6430,1-277-323-7197,vitae.purus.gravida@risus.edu,Duis.cursus@ornarelectusante.edu,1239
Tarik,Rodriquez,1-390-172-2004,1-183-383-3491,Lorem.ipsum@sitametmassa.edu,enim.Etiam.imperdiet@ultricesVivamus.org,5101
Henry,Gonzales,1-348-321-5149,1-630-937-2358,ornare.Fusce.mollis@egestas.com,ipsum.dolor.sit@quis.org,20984
Aidan,Rowland,1-870-238-9517,1-897-291-8192,Aliquam.nec@velitAliquamnisl.org,lacus.vestibulum.lorem@Donec.net,Xxxx
Debra,Jefferson,1-148-933-1111,1-930-111-0371,lorem@sitamet.edu,In.scelerisque.scelerisque@eulacusQuisque.co.uk,8919
Amos,Dyer,1-140-275-7064,1-842-771-2890,fermentum.vel@non.edu,nunc.ac.mattis@nulla.co.uk,C9V 1R2
Yolanda,Buckley,1-578-797-6016,1-106-908-7926,neque.pellentesque@ipsumcursusvestibulum.net,semper.tellus@primis.net,64124
Dominic,Underwood,1-427-229-8665,1-330-967-7002,pharetra.ut@sedleoCras.ca,magna@ultriciessemmagna.co.uk,00634
Ocean,Garza,1-140-153-4408,1-114-883-5940,sit@ridiculusmus.co.uk,aliquam.adipiscing@adipiscing.net,2617
Abraham,Mcfadden,1-204-328-1016,1-167-352-5485,pharetra.felis.eget@eu.co.uk,metus.In@pellentesque.edu,63974-144
Richard,Decker,1-734-372-8511,1-996-109-1632,nisi.a.odio@Nuncquis.co.uk,sit@ametfaucibus.net,47323-443
Illana,Briggs,1-440-514-7853,1-633-578-1391,ac.eleifend@sociisnatoquepenatibus.ca,a@orci.ca,16640
Aspen,Cote,1-825-838-1258,1-568-219-0115,id@adipiscingligulaAenean.co.uk,mi.ac@penatibuset.edu,15938-423
Boris,Bates,1-520-641-1790,1-185-110-0742,suscipit.est.ac@primisinfaucibus.co.uk,tempor.augue@ac.com,B4E 8L1
Xandra,Delacruz,1-704-701-1297,1-167-789-6110,sed.leo.Cras@non.co.uk,orci@augue.net,99070
Moses,Hodge,1-753-474-4485,1-378-102-7543,nibh.Aliquam@luctus.com,augue@metus.com,2380JX
Geoffrey,Benson,1-574-905-4350,1-472-750-5857,interdum.ligula@utipsumac.co.uk,consequat.lectus.sit@blandit.com,7002
Lenore,Hebert,1-867-695-1009,1-675-263-1324,at@maurissitamet.ca,molestie.orci@ami.co.uk,Xxxx
Merrill,Lang,1-724-344-2310,1-937-341-5810,Quisque.varius@fringillaDonec.net,tincidunt@Nullafacilisi.ca,Xxxx
Wing,Shelton,1-522-156-1554,1-389-448-6540,porttitor@Nullamfeugiatplacerat.org,suscipit@pharetra.ca,24572
Craig,Everett,1-724-398-7148,1-497-379-0070,ullamcorper.magna.Sed@Nuncpulvinar.org,dui.Cum.sociis@Nunc.co.uk,51107
Liberty,Berg,1-588-598-2973,1-577-448-6224,erat.semper@leoCras.net,et.rutrum@disparturientmontes.com,6395
Linus,Vaughan,1-394-168-4547,1-791-755-4112,nec.tellus@eget.com,tortor.Nunc.commodo@ante.com,78933
Graham,Horne,1-558-861-1384,1-616-142-5365,amet.dapibus.id@Vestibulum.com,eleifend@Sedmalesuada.com,2328KQ
Armando,Wilder,1-974-726-6564,1-206-393-2783,rutrum.non@egestasSed.co.uk,dignissim.magna@consequatnec.net,9326PG
Adena,Santiago,1-981-535-3320,1-747-162-7592,pellentesque@Integermollis.org,Nulla.eu@at.net,39662-869
Fulton,Hull,1-996-755-0674,1-710-429-1186,Mauris@nuncac.net,imperdiet.erat.nonummy@erateget.edu,19449
Lamar,Matthews,1-728-877-7552,1-462-188-4419,Aliquam.ultrices.iaculis@iaculislacuspede.com,libero.at.auctor@diamat.co.uk,1287
Teagan,Higgins,1-317-137-8123,1-311-499-6622,non@Donecconsectetuer.com,lorem.eu@posuere.net,CL77 1AZ
Ignacia,Cannon,1-503-983-1677,1-593-797-0247,imperdiet.ornare.In@metussitamet.edu,vitae.posuere@erat.ca,7506
Suki,Clay,1-369-762-3594,1-831-560-6778,Cum.sociis.natoque@Nuncsed.org,tincidunt@etmalesuada.org,2477
Omar,Carroll,1-365-107-5782,1-550-385-3289,magna.a.tortor@conubianostra.net,vitae.diam@adlitora.org,20944
Jeremy,Knowles,1-830-269-0365,1-630-492-8680,et.magnis.dis@et.net,mi@mi.com,73666
Kennedy,Everett,1-551-180-7180,1-917-685-2131,Nulla.eu.neque@semvitae.org,eget.varius.ultrices@tempor.org,54086
Hollee,Vinson,1-503-651-4658,1-157-656-2356,Praesent@penatibus.edu,fermentum.convallis.ligula@orciUtsagittis.com,5481
Aimee,Henson,1-430-145-4162,1-947-236-4432,sit.amet.risus@faucibusorciluctus.ca,adipiscing@egestas.com,20215
Channing,Harper,1-336-971-3998,1-673-996-4143,gravida.sagittis.Duis@dictum.org,lacus.Quisque@diameu.com,57720
Piper,Crawford,1-823-250-3888,1-581-708-2527,commodo.at.libero@liberoMorbi.org,massa.lobortis@utnullaCras.org,DD63 6ZD
Igor,Stanton,1-733-101-5407,1-242-380-2077,nisl@lacusMaurisnon.com,mi@vitae.com,Xxxx
Brian,Middleton,1-426-570-6520,1-858-978-6491,mauris.sit@lobortistellus.edu,vitae.aliquet@sapiencursus.edu,Xxxx
Xena,Garrett,1-641-706-9154,1-942-807-8219,Ut.semper@libero.net,mauris.erat@sitametorci.net,85192
Willa,Dodson,1-498-100-7575,1-956-178-9988,Class.aptent@est.edu,et.netus@nibh.net,7264JI
Fatima,Griffith,1-311-733-3592,1-790-128-3656,Quisque.libero.lacus@faucibusidlibero.edu,aliquam@Aeneaneget.org,43213
Frances,Christian,1-514-371-0687,1-817-371-2763,euismod.enim@Utsagittislobortis.co.uk,metus@vestibulum.edu,3886
Lionel,Webster,1-936-381-9201,1-115-235-3073,dolor.Quisque.tincidunt@Nuncmaurissapien.edu,neque@egetmollislectus.co.uk,E5A 4R1
Julie,Randolph,1-761-201-9319,1-270-408-3061,Nunc.ut@at.ca,malesuada@ornare.ca,Xxxx
Adena,Curry,1-222-315-4171,1-212-153-7678,varius.Nam.porttitor@mattisvelit.org,posuere.at.velit@ligula.com,68870
Zoe,Ayala,1-153-811-7852,1-890-197-3267,pede.et.risus@posuerecubilia.ca,placerat@natoque.ca,7218
Alisa,Banks,1-328-338-2024,1-701-649-1745,elit@eunibhvulputate.edu,varius.ultrices@neque.co.uk,04925-173
Carson,Wheeler,1-968-243-6535,1-131-855-7728,molestie.pharetra.nibh@luctusaliquet.ca,mi.felis.adipiscing@ataugue.edu,QT23 5OH
Fritz,Sellers,1-613-507-6108,1-821-171-7564,nulla.Integer.urna@iaculis.ca,mauris.aliquam@mi.org,Xxxx
Hope,Kemp,1-485-256-1353,1-560-636-2846,elit.Curabitur.sed@Aenean.edu,Morbi.non@estNunc.net,57493
Leigh,Long,1-627-573-4769,1-802-349-1246,dui@dapibusligulaAliquam.edu,eros.Proin@fringilla.org,43945
Chaim,Walsh,1-432-904-5787,1-378-214-5895,sed@sagittislobortismauris.com,Nunc@Intincidunt.ca,Y3R 7E3
April,Tillman,1-210-779-6223,1-275-412-0882,vel.venenatis.vel@Nam.co.uk,ipsum.sodales.purus@tincidunt.ca,Xxxx
Jason,Patel,1-114-177-3181,1-713-921-7483,justo.Proin.non@magna.edu,ac.mattis@malesuadaaugue.org,1530
Prescott,Kirk,1-823-290-4507,1-571-906-4828,eros@convallis.com,dictum.sapien@neceleifend.co.uk,Xxxx
Galena,Brown,1-540-586-5612,1-803-651-8349,Quisque.tincidunt@Sed.edu,tristique.neque.venenatis@mollis.co.uk,05918
Jemima,Ortega,1-920-427-4485,1-246-948-1909,pede@nec.co.uk,eu.ligula.Aenean@penatibus.net,E5M 6J0
Porter,Saunders,1-762-582-5754,1-983-703-3710,Vestibulum.accumsan.neque@Quisque.org,at.nisi@temporarcuVestibulum.com,25675
Illiana,Becker,1-344-715-7848,1-783-369-5214,mi@tempus.com,ut.ipsum.ac@eutelluseu.com,Xxxx
Raja,Pace,1-558-126-4043,1-460-312-4634,cursus.vestibulum.Mauris@loremtristique.org,nec.urna@Nullamsuscipit.co.uk,5107
Slade,Lancaster,1-828-398-5010,1-644-500-3465,diam@Sedmalesuada.com,rutrum@sitamet.org,28838
Carson,Rhodes,1-668-822-1284,1-123-690-4578,sodales@sagittis.net,Nam@adipiscing.ca,59394
Alyssa,Salazar,1-750-321-6311,1-274-809-6563,tempus.scelerisque@duinec.co.uk,metus@duinectempus.edu,5379DV
Todd,Shepard,1-452-805-6987,1-858-504-2731,cursus@ultricies.co.uk,lacus@neque.ca,12527
Regina,Aguilar,1-291-728-6247,1-106-318-4351,amet.ante@velvenenatis.com,libero.est.congue@metusurna.co.uk,39849
Kennan,Pitts,1-231-593-1087,1-479-839-3180,fermentum.vel@Intincidunt.com,interdum.ligula@egetmassaSuspendisse.edu,K8G 4V0
Rama,Long,1-969-800-6066,1-639-196-4000,tortor.Nunc@fermentum.ca,Nulla.tincidunt@dignissimlacus.com,57008
Bertha,Armstrong,1-471-434-7789,1-717-526-3058,erat.semper@nequesedsem.ca,sit.amet@aclibero.co.uk,C2X 8A7
Kuame,Castaneda,1-604-244-6297,1-983-569-8655,molestie.pharetra@turpisnec.ca,vel.est@ipsumDonec.co.uk,1045
Orson,Rivera,1-547-372-0706,1-360-536-0805,morbi@semper.edu,aliquam.arcu@necleo.net,31714
Aidan,Castro,1-554-253-2143,1-554-950-8443,non.magna.Nam@tempus.co.uk,nascetur@lectusrutrum.ca,1126
Ivana,Jackson,1-897-442-2021,1-464-226-8264,libero.est.congue@nisiMaurisnulla.com,mi@Morbiquis.co.uk,2777XA
Hu,Rowland,1-302-921-3418,1-987-846-5394,eros.nec@afeugiat.edu,Nunc@Proin.co.uk,53188-367
Dante,Jefferson,1-671-210-5630,1-543-147-0221,fringilla@odioa.net,Integer@aodio.edu,35439
Vera,Powers,1-144-277-2057,1-521-351-3480,id.sapien@sedleoCras.co.uk,vel.convallis@in.net,Xxxx
Joelle,Curtis,1-569-299-7739,1-865-199-8024,nibh.lacinia.orci@nasceturridiculus.ca,sed.consequat.auctor@vitaediam.com,2462
Illiana,Mercer,1-249-636-0618,1-455-618-5622,Duis@Curabiturconsequatlectus.ca,Integer@aliquet.net,6163
Ezekiel,Head,1-896-201-9970,1-303-198-3809,amet@Nunc.org,amet.risus.Donec@cursusNuncmauris.org,4023
Brenda,Carver,1-381-695-7840,1-749-170-9190,Aliquam@lacusNulla.edu,vitae.semper.egestas@consequatpurus.ca,H2V 1R8
Tate,Burks,1-788-880-7809,1-340-184-2396,eu.dui.Cum@aliquameuaccumsan.co.uk,Curae.Phasellus@Seddiam.edu,5985
Perry,Oconnor,1-669-179-9113,1-180-761-6231,tellus.Suspendisse@magnaatortor.ca,Aenean@Sednec.org,Xxxx
Gil,Bauer,1-947-939-1600,1-777-839-2447,cursus@enim.net,adipiscing.lobortis@commodo.ca,62989-996
